timestamp,state
1403715523.912143230438,1
1403715523.962142944336,1
1403715524.012143135071,1
1403715524.062143087387,1
1403715524.112143278122,1
1403715524.162142992020,1
1403715524.212143182755,1
1403715524.262143135071,1
1403715524.312143087387,1
1403715524.362143039703,1
1403715524.412143230438,1
1403715524.462142944336,1
1403715524.512143135071,1
1403715524.562143087387,1
1403715524.612143278122,1
1403715524.662142992020,1
1403715524.712143182755,1
1403715524.762143135071,1
1403715524.812143087387,1
1403715524.862143039703,1
1403715524.912143230438,1
1403715524.962142944336,1
1403715525.012143135071,1
1403715525.062143087387,1
1403715525.112143278122,1
1403715525.162142992020,1
1403715525.212143182755,1
1403715525.262143135071,1
1403715525.312143087387,1
1403715525.362143039703,1
1403715525.412143230438,1
1403715525.462142944336,1
1403715525.512143135071,1
1403715525.562143087387,1
1403715525.612143278122,1
1403715525.662142992020,1
1403715525.712143182755,1
1403715525.762143135071,1
1403715525.812143087387,1
1403715525.862143039703,1
1403715525.912143230438,1
1403715525.962142944336,1
1403715526.012143135071,1
1403715526.062143087387,1
1403715526.112143278122,1
1403715526.162142992020,1
1403715526.212143182755,1
1403715526.262143135071,1
1403715526.312143087387,1
1403715526.362143039703,1
1403715526.412143230438,1
1403715526.462142944336,1
1403715526.512143135071,1
1403715526.562143087387,1
1403715526.612143278122,1
1403715526.662142992020,1
1403715526.712143182755,1
1403715526.762143135071,1
1403715526.812143087387,1
1403715526.862143039703,1
1403715526.912143230438,1
1403715526.962142944336,1
1403715527.012143135071,1
1403715527.062143087387,1
1403715527.112143278122,1
1403715527.162142992020,1
1403715527.212143182755,1
1403715527.262143135071,1
1403715527.312143087387,1
1403715527.362143039703,1
1403715527.412143230438,1
1403715527.462142944336,1
1403715527.512143135071,1
1403715527.562143087387,1
1403715527.612143278122,1
1403715527.662142992020,1
1403715527.712143182755,1
1403715527.762143135071,1
1403715527.812143087387,1
1403715527.862143039703,1
1403715527.912143230438,1
1403715527.962142944336,1
1403715528.012143135071,1
1403715528.062143087387,1
1403715528.112143278122,1
1403715528.162142992020,1
1403715528.212143182755,1
1403715528.262143135071,1
1403715528.312143087387,1
1403715528.362143039703,1
1403715528.412143230438,1
1403715528.462142944336,1
1403715528.512143135071,1
1403715528.562143087387,1
1403715528.612143278122,1
1403715528.662142992020,1
1403715528.712143182755,2
1403715528.762143135071,2
1403715528.812143087387,2
1403715528.862143039703,2
1403715528.912143230438,2
1403715528.962142944336,2
1403715529.012143135071,2
1403715529.062143087387,2
1403715529.112143278122,2
1403715529.162142992020,2
1403715529.212143182755,2
1403715529.262143135071,2
1403715529.312143087387,2
1403715529.362143039703,2
1403715529.412143230438,2
1403715529.462142944336,2
1403715529.512143135071,2
1403715529.562143087387,2
1403715529.612143278122,2
1403715529.662142992020,2
1403715529.712143182755,2
1403715529.762143135071,2
1403715529.812143087387,2
1403715529.862143039703,2
1403715529.912143230438,2
1403715529.962142944336,2
1403715530.012143135071,2
1403715530.062143087387,2
1403715530.112143278122,2
1403715530.162142992020,2
1403715530.212143182755,2
1403715530.262143135071,2
1403715530.312143087387,2
1403715530.362143039703,2
1403715530.412143230438,2
1403715530.462142944336,2
1403715530.512143135071,2
1403715530.562143087387,2
1403715530.612143278122,2
1403715530.662142992020,2
1403715530.712143182755,2
1403715530.762143135071,2
1403715530.812143087387,2
1403715530.862143039703,2
1403715530.912143230438,2
1403715530.962142944336,2
1403715531.012143135071,2
1403715531.062143087387,2
1403715531.112143278122,2
1403715531.162142992020,2
1403715531.212143182755,2
1403715531.262143135071,2
1403715531.312143087387,2
1403715531.362143039703,2
1403715531.412143230438,2
1403715531.462142944336,2
1403715531.512143135071,2
1403715531.562143087387,2
1403715531.612143278122,2
1403715531.662142992020,2
1403715531.712143182755,2
1403715531.762143135071,2
1403715531.812143087387,2
1403715531.862143039703,2
1403715531.912143230438,2
1403715531.962142944336,2
1403715532.012143135071,2
1403715532.062143087387,2
1403715532.112143278122,2
1403715532.162142992020,2
1403715532.212143182755,2
1403715532.262143135071,2
1403715532.312143087387,2
1403715532.362143039703,2
1403715532.412143230438,2
1403715532.462142944336,2
1403715532.512143135071,2
1403715532.562143087387,2
1403715532.612143278122,2
1403715532.662142992020,2
1403715532.712143182755,2
1403715532.762143135071,2
1403715532.812143087387,2
1403715532.862143039703,2
1403715532.912143230438,2
1403715532.962142944336,2
1403715533.012143135071,2
1403715533.062143087387,2
1403715533.112143278122,2
1403715533.162142992020,2
1403715533.212143182755,2
1403715533.262143135071,2
1403715533.312143087387,2
1403715533.362143039703,2
1403715533.412143230438,2
1403715533.462142944336,2
1403715533.512143135071,2
1403715533.562143087387,2
1403715533.612143278122,2
1403715533.662142992020,2
1403715533.712143182755,2
1403715533.762143135071,2
1403715533.812143087387,2
1403715533.862143039703,2
1403715533.912143230438,2
1403715533.962142944336,2
1403715534.012143135071,2
1403715534.062143087387,2
1403715534.112143278122,2
1403715534.162142992020,2
1403715534.212143182755,2
1403715534.262143135071,2
1403715534.312143087387,2
1403715534.362143039703,2
1403715534.412143230438,2
1403715534.462142944336,2
1403715534.512143135071,2
1403715534.562143087387,2
1403715534.612143278122,2
1403715534.662142992020,2
1403715534.712143182755,2
1403715534.762143135071,2
1403715534.812143087387,2
1403715534.862143039703,2
1403715534.912143230438,2
1403715534.962142944336,2
1403715535.012143135071,2
1403715535.062143087387,2
1403715535.112143278122,2
1403715535.162142992020,2
1403715535.212143182755,2
1403715535.262143135071,2
1403715535.312143087387,2
1403715535.362143039703,2
1403715535.412143230438,2
1403715535.462142944336,2
1403715535.512143135071,2
1403715535.562143087387,2
1403715535.612143278122,2
1403715535.662142992020,2
1403715535.712143182755,2
1403715535.762143135071,2
1403715535.812143087387,2
1403715535.862143039703,2
1403715535.912143230438,2
1403715535.962142944336,2
1403715536.012143135071,2
1403715536.062143087387,2
1403715536.112143278122,2
1403715536.162142992020,2
1403715536.212143182755,2
1403715536.262143135071,2
1403715536.312143087387,2
1403715536.362143039703,2
1403715536.412143230438,2
1403715536.462142944336,2
1403715536.512143135071,2
1403715536.562143087387,2
1403715536.612143278122,2
1403715536.662142992020,2
1403715536.712143182755,2
1403715536.762143135071,2
1403715536.812143087387,2
1403715536.862143039703,2
1403715536.912143230438,2
1403715536.962142944336,2
1403715537.012143135071,2
1403715537.062143087387,2
1403715537.112143278122,2
1403715537.162142992020,2
1403715537.212143182755,2
1403715537.262143135071,2
1403715537.312143087387,2
1403715537.362143039703,2
1403715537.412143230438,2
1403715537.462142944336,2
1403715537.512143135071,2
1403715537.562143087387,2
1403715537.612143278122,2
1403715537.662142992020,2
1403715537.712143182755,2
1403715537.762143135071,2
1403715537.812143087387,2
1403715537.862143039703,2
1403715537.912143230438,2
1403715537.962142944336,2
1403715538.012143135071,2
1403715538.062143087387,2
1403715538.112143278122,2
1403715538.162142992020,2
1403715538.212143182755,2
1403715538.262143135071,2
1403715538.312143087387,2
1403715538.362143039703,2
1403715538.412143230438,2
1403715538.462142944336,2
1403715538.512143135071,2
1403715538.562143087387,2
1403715538.612143278122,2
1403715538.662142992020,2
1403715538.712143182755,2
1403715538.762143135071,2
1403715538.812143087387,2
1403715538.862143039703,2
1403715538.912143230438,2
1403715538.962142944336,2
1403715539.012143135071,2
1403715539.062143087387,2
1403715539.112143278122,2
1403715539.162142992020,2
1403715539.212143182755,2
1403715539.262143135071,2
1403715539.312143087387,2
1403715539.362143039703,2
1403715539.412143230438,2
1403715539.462142944336,2
1403715539.512143135071,2
1403715539.562143087387,2
1403715539.612143278122,2
1403715539.662142992020,2
1403715539.712143182755,2
1403715539.762143135071,2
1403715539.812143087387,2
1403715539.862143039703,2
1403715539.912143230438,2
1403715539.962142944336,2
1403715540.012143135071,2
1403715540.062143087387,2
1403715540.112143278122,2
1403715540.162142992020,2
1403715540.212143182755,2
1403715540.262143135071,2
1403715540.312143087387,2
1403715540.362143039703,2
1403715540.412143230438,2
1403715540.462142944336,2
1403715540.512143135071,2
1403715540.562143087387,2
1403715540.612143278122,2
1403715540.662142992020,2
1403715540.712143182755,2
1403715540.762143135071,2
1403715540.812143087387,2
1403715540.862143039703,2
1403715540.912143230438,2
1403715540.962142944336,2
1403715541.012143135071,2
1403715541.062143087387,2
1403715541.112143278122,2
1403715541.162142992020,2
1403715541.212143182755,2
1403715541.262143135071,2
1403715541.312143087387,2
1403715541.362143039703,2
1403715541.412143230438,2
1403715541.462142944336,2
1403715541.512143135071,2
1403715541.562143087387,2
1403715541.612143278122,2
1403715541.662142992020,2
1403715541.712143182755,2
1403715541.762143135071,2
1403715541.812143087387,2
1403715541.862143039703,2
1403715541.912143230438,2
1403715541.962142944336,2
1403715542.012143135071,2
1403715542.062143087387,2
1403715542.112143278122,2
1403715542.162142992020,2
1403715542.212143182755,2
1403715542.262143135071,2
1403715542.312143087387,2
1403715542.362143039703,2
1403715542.412143230438,2
1403715542.462142944336,2
1403715542.512143135071,2
1403715542.562143087387,2
1403715542.612143278122,2
1403715542.662142992020,2
1403715542.712143182755,2
1403715542.762143135071,2
1403715542.812143087387,2
1403715542.862143039703,2
1403715542.912143230438,2
1403715542.962142944336,2
1403715543.012143135071,2
1403715543.062143087387,2
1403715543.112143278122,2
1403715543.162142992020,2
1403715543.212143182755,2
1403715543.262143135071,2
1403715543.312143087387,2
1403715543.362143039703,2
1403715543.412143230438,2
1403715543.462142944336,2
1403715543.512143135071,2
1403715543.562143087387,2
1403715543.612143278122,2
1403715543.662142992020,2
1403715543.712143182755,2
1403715543.762143135071,2
1403715543.812143087387,2
1403715543.862143039703,2
1403715543.912143230438,2
1403715543.962142944336,2
1403715544.012143135071,2
1403715544.062143087387,2
1403715544.112143278122,2
1403715544.162142992020,2
1403715544.212143182755,2
1403715544.262143135071,2
1403715544.312143087387,2
1403715544.362143039703,2
1403715544.412143230438,2
1403715544.462142944336,2
1403715544.512143135071,2
1403715544.562143087387,2
1403715544.612143278122,2
1403715544.662142992020,2
1403715544.712143182755,2
1403715544.762143135071,2
1403715544.812143087387,2
1403715544.862143039703,2
1403715544.912143230438,2
1403715544.962142944336,2
1403715545.012143135071,2
1403715545.062143087387,2
1403715545.112143278122,2
1403715545.162142992020,2
1403715545.212143182755,2
1403715545.262143135071,2
1403715545.312143087387,2
1403715545.362143039703,2
1403715545.412143230438,2
1403715545.462142944336,2
1403715545.512143135071,2
1403715545.562143087387,2
1403715545.612143278122,2
1403715545.662142992020,2
1403715545.712143182755,2
1403715545.762143135071,2
1403715545.812143087387,2
1403715545.862143039703,2
1403715545.912143230438,2
1403715545.962142944336,2
1403715546.012143135071,2
1403715546.062143087387,2
1403715546.112143278122,2
1403715546.162142992020,2
1403715546.212143182755,2
1403715546.262143135071,2
1403715546.312143087387,2
1403715546.362143039703,2
1403715546.412143230438,2
1403715546.462142944336,2
1403715546.512143135071,2
1403715546.562143087387,2
1403715546.612143278122,2
1403715546.662142992020,2
1403715546.712143182755,2
1403715546.762143135071,2
1403715546.812143087387,2
1403715546.862143039703,2
1403715546.912143230438,2
1403715546.962142944336,2
1403715547.012143135071,2
1403715547.062143087387,2
1403715547.112143278122,2
1403715547.162142992020,2
1403715547.212143182755,2
1403715547.262143135071,2
1403715547.312143087387,2
1403715547.362143039703,2
1403715547.412143230438,2
1403715547.462142944336,2
1403715547.512143135071,2
1403715547.562143087387,2
1403715547.612143278122,2
1403715547.662142992020,2
1403715547.712143182755,2
1403715547.762143135071,2
1403715547.812143087387,2
1403715547.862143039703,2
1403715547.912143230438,2
1403715547.962142944336,2
1403715548.012143135071,2
1403715548.062143087387,2
1403715548.112143278122,2
1403715548.162142992020,2
1403715548.212143182755,2
1403715548.262143135071,2
1403715548.312143087387,2
1403715548.362143039703,2
1403715548.412143230438,2
1403715548.462142944336,2
1403715548.512143135071,2
1403715548.562143087387,2
1403715548.612143278122,2
1403715548.662142992020,2
1403715548.712143182755,2
1403715548.762143135071,2
1403715548.812143087387,2
1403715548.862143039703,2
1403715548.912143230438,2
1403715548.962142944336,2
1403715549.012143135071,2
1403715549.062143087387,2
1403715549.112143278122,2
1403715549.162142992020,2
1403715549.212143182755,2
1403715549.262143135071,2
1403715549.312143087387,2
1403715549.362143039703,2
1403715549.412143230438,2
1403715549.462142944336,2
1403715549.512143135071,2
1403715549.562143087387,2
1403715549.612143278122,2
1403715549.662142992020,2
1403715549.712143182755,2
1403715549.762143135071,2
1403715549.812143087387,2
1403715549.862143039703,2
1403715549.912143230438,2
1403715549.962142944336,2
1403715550.012143135071,2
1403715550.062143087387,2
1403715550.112143278122,2
1403715550.162142992020,2
1403715550.212143182755,2
1403715550.262143135071,2
1403715550.312143087387,2
1403715550.362143039703,2
1403715550.412143230438,2
1403715550.462142944336,2
1403715550.512143135071,2
1403715550.562143087387,2
1403715550.612143278122,2
1403715550.662142992020,2
1403715550.712143182755,2
1403715550.762143135071,2
1403715550.812143087387,2
1403715550.862143039703,2
1403715550.912143230438,2
1403715550.962142944336,2
1403715551.012143135071,2
1403715551.062143087387,2
1403715551.112143278122,2
1403715551.162142992020,2
1403715551.212143182755,2
1403715551.262143135071,2
1403715551.312143087387,2
1403715551.362143039703,2
1403715551.412143230438,2
1403715551.462142944336,2
1403715551.512143135071,2
1403715551.562143087387,2
1403715551.612143278122,2
1403715551.662142992020,2
1403715551.712143182755,2
1403715551.762143135071,2
1403715551.812143087387,2
1403715551.862143039703,2
1403715551.912143230438,2
1403715551.962142944336,2
1403715552.012143135071,2
1403715552.062143087387,2
1403715552.112143278122,2
1403715552.162142992020,2
1403715552.212143182755,2
1403715552.262143135071,2
1403715552.312143087387,2
1403715552.362143039703,2
1403715552.412143230438,2
1403715552.462142944336,2
1403715552.512143135071,2
1403715552.562143087387,2
1403715552.612143278122,2
1403715552.662142992020,2
1403715552.712143182755,2
1403715552.762143135071,2
1403715552.812143087387,2
1403715552.862143039703,2
1403715552.912143230438,2
1403715552.962142944336,2
1403715553.012143135071,2
1403715553.062143087387,2
1403715553.112143278122,2
1403715553.162142992020,2
1403715553.212143182755,2
1403715553.262143135071,2
1403715553.312143087387,2
1403715553.362143039703,2
1403715553.412143230438,2
1403715553.462142944336,2
1403715553.512143135071,2
1403715553.562143087387,2
1403715553.612143278122,2
1403715553.662142992020,2
1403715553.712143182755,2
1403715553.762143135071,2
1403715553.812143087387,2
1403715553.862143039703,2
1403715553.912143230438,2
1403715553.962142944336,2
1403715554.012143135071,2
1403715554.062143087387,2
1403715554.112143278122,2
1403715554.162142992020,2
1403715554.212143182755,2
1403715554.262143135071,2
1403715554.312143087387,2
1403715554.362143039703,2
1403715554.412143230438,2
1403715554.462142944336,2
1403715554.512143135071,2
1403715554.562143087387,2
1403715554.612143278122,2
1403715554.662142992020,2
1403715554.712143182755,2
1403715554.762143135071,2
1403715554.812143087387,2
1403715554.862143039703,2
1403715554.912143230438,2
1403715554.962142944336,2
1403715555.012143135071,2
1403715555.062143087387,2
1403715555.112143278122,2
1403715555.162142992020,2
1403715555.212143182755,2
1403715555.262143135071,2
1403715555.312143087387,2
1403715555.362143039703,2
1403715555.412143230438,2
1403715555.462142944336,2
1403715555.512143135071,2
1403715555.562143087387,2
1403715555.612143278122,2
1403715555.662142992020,2
1403715555.712143182755,2
1403715555.762143135071,2
1403715555.812143087387,2
1403715555.862143039703,2
1403715555.912143230438,2
1403715555.962142944336,2
1403715556.012143135071,2
1403715556.062143087387,2
1403715556.112143278122,2
1403715556.162142992020,2
1403715556.212143182755,2
1403715556.262143135071,2
1403715556.312143087387,2
1403715556.362143039703,2
1403715556.412143230438,2
1403715556.462142944336,2
1403715556.512143135071,2
1403715556.562143087387,2
1403715556.612143278122,2
1403715556.662142992020,2
1403715556.712143182755,2
1403715556.762143135071,2
1403715556.812143087387,2
1403715556.862143039703,2
1403715556.912143230438,2
1403715556.962142944336,2
1403715557.012143135071,2
1403715557.062143087387,2
1403715557.112143278122,2
1403715557.162142992020,2
1403715557.212143182755,2
1403715557.262143135071,2
1403715557.312143087387,2
1403715557.362143039703,2
1403715557.412143230438,2
1403715557.462142944336,2
1403715557.512143135071,2
1403715557.562143087387,2
1403715557.612143278122,2
1403715557.662142992020,2
1403715557.712143182755,2
1403715557.762143135071,2
1403715557.812143087387,2
1403715557.862143039703,2
1403715557.912143230438,2
1403715557.962142944336,2
1403715558.012143135071,2
1403715558.062143087387,2
1403715558.112143278122,2
1403715558.162142992020,2
1403715558.212143182755,2
1403715558.262143135071,2
1403715558.312143087387,2
1403715558.362143039703,2
1403715558.412143230438,2
1403715558.462142944336,2
1403715558.512143135071,2
1403715558.562143087387,2
1403715558.612143278122,2
1403715558.662142992020,2
1403715558.712143182755,2
1403715558.762143135071,2
1403715558.812143087387,2
1403715558.862143039703,2
1403715558.912143230438,2
1403715558.962142944336,2
1403715559.012143135071,2
1403715559.062143087387,2
1403715559.112143278122,2
1403715559.162142992020,2
1403715559.212143182755,2
1403715559.262143135071,2
1403715559.312143087387,2
1403715559.362143039703,2
1403715559.412143230438,2
1403715559.462142944336,2
1403715559.512143135071,2
1403715559.562143087387,2
1403715559.612143278122,2
1403715559.662142992020,2
1403715559.712143182755,2
1403715559.762143135071,2
1403715559.812143087387,2
1403715559.862143039703,2
1403715559.912143230438,2
1403715559.962142944336,2
1403715560.012143135071,2
1403715560.062143087387,2
1403715560.112143278122,2
1403715560.162142992020,2
1403715560.212143182755,2
1403715560.262143135071,2
1403715560.312143087387,2
1403715560.362143039703,2
1403715560.412143230438,2
1403715560.462142944336,2
1403715560.512143135071,2
1403715560.562143087387,2
1403715560.612143278122,2
1403715560.662142992020,2
1403715560.712143182755,2
1403715560.762143135071,2
1403715560.812143087387,2
1403715560.862143039703,2
1403715560.912143230438,2
1403715560.962142944336,2
1403715561.012143135071,2
1403715561.062143087387,2
1403715561.112143278122,2
1403715561.162142992020,2
1403715561.212143182755,2
1403715561.262143135071,2
1403715561.312143087387,2
1403715561.362143039703,2
1403715561.412143230438,2
1403715561.462142944336,2
1403715561.512143135071,2
1403715561.562143087387,2
1403715561.612143278122,2
1403715561.662142992020,2
1403715561.712143182755,2
1403715561.762143135071,2
1403715561.812143087387,2
1403715561.862143039703,2
1403715561.912143230438,2
1403715561.962142944336,2
1403715562.012143135071,2
1403715562.062143087387,2
1403715562.112143278122,2
1403715562.162142992020,2
1403715562.212143182755,2
1403715562.262143135071,2
1403715562.312143087387,2
1403715562.362143039703,2
1403715562.412143230438,2
1403715562.462142944336,2
1403715562.512143135071,2
1403715562.562143087387,2
1403715562.612143278122,2
1403715562.662142992020,2
1403715562.712143182755,2
1403715562.762143135071,2
1403715562.812143087387,2
1403715562.862143039703,2
1403715562.912143230438,2
1403715562.962142944336,2
1403715563.012143135071,2
1403715563.062143087387,2
1403715563.112143278122,2
1403715563.162142992020,2
1403715563.212143182755,2
1403715563.262143135071,2
1403715563.312143087387,2
1403715563.362143039703,2
1403715563.412143230438,2
1403715563.462142944336,2
1403715563.512143135071,2
1403715563.562143087387,2
1403715563.612143278122,2
1403715563.662142992020,2
1403715563.712143182755,2
1403715563.762143135071,2
1403715563.812143087387,2
1403715563.862143039703,2
1403715563.912143230438,2
1403715563.962142944336,2
1403715564.012143135071,2
1403715564.062143087387,2
1403715564.112143278122,2
1403715564.162142992020,2
1403715564.212143182755,2
1403715564.262143135071,2
1403715564.312143087387,2
1403715564.362143039703,2
1403715564.412143230438,2
1403715564.462142944336,2
1403715564.512143135071,2
1403715564.562143087387,2
1403715564.612143278122,2
1403715564.662142992020,2
1403715564.712143182755,2
1403715564.762143135071,2
1403715564.812143087387,2
1403715564.862143039703,2
1403715564.912143230438,2
1403715564.962142944336,2
1403715565.012143135071,2
1403715565.062143087387,2
1403715565.112143278122,2
1403715565.162142992020,2
1403715565.212143182755,2
1403715565.262143135071,2
1403715565.312143087387,2
1403715565.362143039703,2
1403715565.412143230438,2
1403715565.462142944336,2
1403715565.512143135071,2
1403715565.562143087387,2
1403715565.612143278122,2
1403715565.662142992020,2
1403715565.712143182755,2
1403715565.762143135071,2
1403715565.812143087387,2
1403715565.862143039703,2
1403715565.912143230438,2
1403715565.962142944336,2
1403715566.012143135071,2
1403715566.062143087387,2
1403715566.112143278122,2
1403715566.162142992020,2
1403715566.212143182755,2
1403715566.262143135071,2
1403715566.312143087387,2
1403715566.362143039703,2
1403715566.412143230438,2
1403715566.462142944336,2
1403715566.512143135071,2
1403715566.562143087387,2
1403715566.612143278122,2
1403715566.662142992020,2
1403715566.712143182755,2
1403715566.762143135071,2
1403715566.812143087387,2
1403715566.862143039703,2
1403715566.912143230438,2
1403715566.962142944336,2
1403715567.012143135071,2
1403715567.062143087387,2
1403715567.112143278122,2
1403715567.162142992020,2
1403715567.212143182755,2
1403715567.262143135071,2
1403715567.312143087387,2
1403715567.362143039703,2
1403715567.412143230438,2
1403715567.462142944336,2
1403715567.512143135071,2
1403715567.562143087387,2
1403715567.612143278122,2
1403715567.662142992020,2
1403715567.712143182755,2
1403715567.762143135071,2
1403715567.812143087387,2
1403715567.862143039703,2
1403715567.912143230438,2
1403715567.962142944336,2
1403715568.012143135071,2
1403715568.062143087387,2
1403715568.112143278122,2
1403715568.162142992020,2
1403715568.212143182755,2
1403715568.262143135071,2
1403715568.312143087387,2
1403715568.362143039703,2
1403715568.412143230438,2
1403715568.462142944336,2
1403715568.512143135071,2
1403715568.562143087387,2
1403715568.612143278122,2
1403715568.662142992020,2
1403715568.712143182755,2
1403715568.762143135071,2
1403715568.812143087387,2
1403715568.862143039703,2
1403715568.912143230438,2
1403715568.962142944336,2
1403715569.012143135071,2
1403715569.062143087387,2
1403715569.112143278122,2
1403715569.162142992020,2
1403715569.212143182755,2
1403715569.262143135071,2
1403715569.312143087387,2
1403715569.362143039703,2
1403715569.412143230438,2
1403715569.462142944336,2
1403715569.512143135071,2
1403715569.562143087387,2
1403715569.612143278122,2
1403715569.662142992020,2
1403715569.712143182755,2
1403715569.762143135071,2
1403715569.812143087387,2
1403715569.862143039703,2
1403715569.912143230438,2
1403715569.962142944336,2
1403715570.012143135071,2
1403715570.062143087387,2
1403715570.112143278122,2
1403715570.162142992020,2
1403715570.212143182755,2
1403715570.262143135071,2
1403715570.312143087387,2
1403715570.362143039703,2
1403715570.412143230438,2
1403715570.462142944336,2
1403715570.512143135071,2
1403715570.562143087387,2
1403715570.612143278122,2
1403715570.662142992020,2
1403715570.712143182755,2
1403715570.762143135071,2
1403715570.812143087387,2
1403715570.862143039703,2
1403715570.912143230438,2
1403715570.962142944336,2
1403715571.012143135071,2
1403715571.062143087387,2
1403715571.112143278122,2
1403715571.162142992020,2
1403715571.212143182755,2
1403715571.262143135071,2
1403715571.312143087387,2
1403715571.362143039703,2
1403715571.412143230438,2
1403715571.462142944336,2
1403715571.512143135071,2
1403715571.562143087387,2
1403715571.612143278122,2
1403715571.662142992020,2
1403715571.712143182755,2
1403715571.762143135071,2
1403715571.812143087387,2
1403715571.862143039703,2
1403715571.912143230438,2
1403715571.962142944336,2
1403715572.012143135071,2
1403715572.062143087387,2
1403715572.112143278122,2
1403715572.162142992020,2
1403715572.212143182755,2
1403715572.262143135071,2
1403715572.312143087387,2
1403715572.362143039703,2
1403715572.412143230438,2
1403715572.462142944336,2
1403715572.512143135071,2
1403715572.562143087387,2
1403715572.612143278122,2
1403715572.662142992020,2
1403715572.712143182755,2
1403715572.762143135071,2
1403715572.812143087387,2
1403715572.862143039703,2
1403715572.912143230438,2
1403715572.962142944336,2
1403715573.012143135071,2
1403715573.062143087387,2
1403715573.112143278122,2
1403715573.162142992020,2
1403715573.212143182755,2
1403715573.262143135071,2
1403715573.312143087387,2
1403715573.362143039703,2
1403715573.412143230438,2
1403715573.462142944336,2
1403715573.512143135071,2
1403715573.562143087387,2
1403715573.612143278122,2
1403715573.662142992020,2
1403715573.712143182755,2
1403715573.762143135071,2
1403715573.812143087387,2
1403715573.862143039703,2
1403715573.912143230438,2
1403715573.962142944336,2
1403715574.012143135071,2
1403715574.062143087387,2
1403715574.112143278122,2
1403715574.162142992020,2
1403715574.212143182755,2
1403715574.262143135071,2
1403715574.312143087387,2
1403715574.362143039703,2
1403715574.412143230438,2
1403715574.462142944336,2
1403715574.512143135071,2
1403715574.562143087387,2
1403715574.612143278122,2
1403715574.662142992020,2
1403715574.712143182755,2
1403715574.762143135071,2
1403715574.812143087387,2
1403715574.862143039703,2
1403715574.912143230438,2
1403715574.962142944336,2
1403715575.012143135071,2
1403715575.062143087387,2
1403715575.112143278122,2
1403715575.162142992020,2
1403715575.212143182755,2
1403715575.262143135071,2
1403715575.312143087387,2
1403715575.362143039703,2
1403715575.412143230438,2
1403715575.462142944336,2
1403715575.512143135071,2
1403715575.562143087387,2
1403715575.612143278122,2
1403715575.662142992020,2
1403715575.712143182755,2
1403715575.762143135071,2
1403715575.812143087387,2
1403715575.862143039703,2
1403715575.912143230438,2
1403715575.962142944336,2
1403715576.012143135071,2
1403715576.062143087387,2
1403715576.112143278122,2
1403715576.162142992020,2
1403715576.212143182755,2
1403715576.262143135071,2
1403715576.312143087387,2
1403715576.362143039703,2
1403715576.412143230438,2
1403715576.462142944336,2
1403715576.512143135071,2
1403715576.562143087387,2
1403715576.612143278122,2
1403715576.662142992020,2
1403715576.712143182755,2
1403715576.762143135071,2
1403715576.812143087387,2
1403715576.862143039703,2
1403715576.912143230438,2
1403715576.962142944336,2
1403715577.012143135071,2
1403715577.062143087387,2
1403715577.112143278122,2
1403715577.162142992020,2
1403715577.212143182755,2
1403715577.262143135071,2
1403715577.312143087387,2
1403715577.362143039703,2
1403715577.412143230438,2
1403715577.462142944336,2
1403715577.512143135071,2
1403715577.562143087387,2
1403715577.612143278122,2
1403715577.662142992020,2
1403715577.712143182755,2
1403715577.762143135071,2
1403715577.812143087387,2
1403715577.862143039703,2
1403715577.912143230438,2
1403715577.962142944336,2
1403715578.012143135071,2
1403715578.062143087387,2
1403715578.112143278122,2
1403715578.162142992020,2
1403715578.212143182755,2
1403715578.262143135071,2
1403715578.312143087387,2
1403715578.362143039703,2
1403715578.412143230438,2
1403715578.462142944336,2
1403715578.512143135071,2
1403715578.562143087387,2
1403715578.612143278122,2
1403715578.662142992020,2
1403715578.712143182755,2
1403715578.762143135071,2
1403715578.812143087387,2
1403715578.862143039703,2
1403715578.912143230438,2
1403715578.962142944336,2
1403715579.012143135071,2
1403715579.062143087387,2
1403715579.112143278122,2
1403715579.162142992020,2
1403715579.212143182755,2
1403715579.262143135071,2
1403715579.312143087387,2
1403715579.362143039703,2
1403715579.412143230438,2
1403715579.462142944336,2
1403715579.512143135071,2
1403715579.562143087387,2
1403715579.612143278122,2
1403715579.662142992020,2
1403715579.712143182755,2
1403715579.762143135071,2
1403715579.812143087387,2
1403715579.862143039703,2
1403715579.912143230438,2
1403715579.962142944336,2
1403715580.012143135071,2
1403715580.062143087387,2
1403715580.112143278122,2
1403715580.162142992020,2
1403715580.212143182755,2
1403715580.262143135071,2
1403715580.312143087387,2
1403715580.362143039703,2
1403715580.412143230438,2
1403715580.462142944336,2
1403715580.512143135071,2
1403715580.562143087387,2
1403715580.612143278122,2
1403715580.662142992020,2
1403715580.712143182755,2
1403715580.762143135071,2
1403715580.812143087387,2
1403715580.862143039703,2
1403715580.912143230438,2
1403715580.962142944336,2
1403715581.012143135071,2
1403715581.062143087387,2
1403715581.112143278122,2
1403715581.162142992020,2
1403715581.212143182755,2
1403715581.262143135071,2
1403715581.312143087387,2
1403715581.362143039703,2
1403715581.412143230438,2
1403715581.462142944336,2
1403715581.512143135071,2
1403715581.562143087387,2
1403715581.612143278122,2
1403715581.662142992020,2
1403715581.712143182755,2
1403715581.762143135071,2
1403715581.812143087387,2
1403715581.862143039703,2
1403715581.912143230438,2
1403715581.962142944336,2
1403715582.012143135071,2
1403715582.062143087387,2
1403715582.112143278122,2
1403715582.162142992020,2
1403715582.212143182755,2
1403715582.262143135071,2
1403715582.312143087387,2
1403715582.362143039703,2
1403715582.412143230438,2
1403715582.462142944336,2
1403715582.512143135071,2
1403715582.562143087387,2
1403715582.612143278122,2
1403715582.662142992020,2
1403715582.712143182755,2
1403715582.762143135071,2
1403715582.812143087387,2
1403715582.862143039703,2
1403715582.912143230438,2
1403715582.962142944336,2
1403715583.012143135071,2
1403715583.062143087387,2
1403715583.112143278122,2
1403715583.162142992020,2
1403715583.212143182755,2
1403715583.262143135071,2
1403715583.312143087387,2
1403715583.362143039703,2
1403715583.412143230438,2
1403715583.462142944336,2
1403715583.512143135071,2
1403715583.562143087387,2
1403715583.612143278122,2
1403715583.662142992020,2
1403715583.712143182755,2
1403715583.762143135071,2
1403715583.812143087387,2
1403715583.862143039703,2
1403715583.912143230438,2
1403715583.962142944336,2
1403715584.012143135071,2
1403715584.062143087387,2
1403715584.112143278122,2
1403715584.162142992020,2
1403715584.212143182755,2
1403715584.262143135071,2
1403715584.312143087387,2
1403715584.362143039703,2
1403715584.412143230438,2
1403715584.462142944336,2
1403715584.512143135071,2
1403715584.562143087387,2
1403715584.612143278122,2
1403715584.662142992020,2
1403715584.712143182755,2
1403715584.762143135071,2
1403715584.812143087387,2
1403715584.862143039703,2
1403715584.912143230438,2
1403715584.962142944336,2
1403715585.012143135071,2
1403715585.062143087387,2
1403715585.112143278122,2
1403715585.162142992020,2
1403715585.212143182755,2
1403715585.262143135071,2
1403715585.312143087387,2
1403715585.362143039703,2
1403715585.412143230438,2
1403715585.462142944336,2
1403715585.512143135071,2
1403715585.562143087387,2
1403715585.612143278122,2
1403715585.662142992020,2
1403715585.712143182755,2
1403715585.762143135071,2
1403715585.812143087387,2
1403715585.862143039703,2
1403715585.912143230438,2
1403715585.962142944336,2
1403715586.012143135071,2
1403715586.062143087387,2
1403715586.112143278122,2
1403715586.162142992020,2
1403715586.212143182755,2
1403715586.262143135071,2
1403715586.312143087387,2
1403715586.362143039703,2
1403715586.412143230438,2
1403715586.462142944336,2
1403715586.512143135071,2
1403715586.562143087387,2
1403715586.612143278122,2
1403715586.662142992020,2
1403715586.712143182755,2
1403715586.762143135071,2
1403715586.812143087387,2
1403715586.862143039703,2
1403715586.912143230438,2
1403715586.962142944336,2
1403715587.012143135071,2
1403715587.062143087387,2
1403715587.112143278122,2
1403715587.162142992020,2
1403715587.212143182755,2
1403715587.262143135071,2
1403715587.312143087387,2
1403715587.362143039703,2
1403715587.412143230438,2
1403715587.462142944336,2
1403715587.512143135071,2
1403715587.562143087387,2
1403715587.612143278122,2
1403715587.662142992020,2
1403715587.712143182755,2
1403715587.762143135071,2
1403715587.812143087387,2
1403715587.862143039703,2
1403715587.912143230438,2
1403715587.962142944336,2
1403715588.012143135071,2
1403715588.062143087387,2
1403715588.112143278122,2
1403715588.162142992020,2
1403715588.212143182755,2
1403715588.262143135071,2
1403715588.312143087387,2
1403715588.362143039703,2
1403715588.412143230438,2
1403715588.462142944336,2
1403715588.512143135071,2
1403715588.562143087387,2
1403715588.612143278122,2
1403715588.662142992020,2
1403715588.712143182755,2
1403715588.762143135071,2
1403715588.812143087387,2
1403715588.862143039703,2
1403715588.912143230438,2
1403715588.962142944336,2
1403715589.012143135071,2
1403715589.062143087387,2
1403715589.112143278122,2
1403715589.162142992020,2
1403715589.212143182755,2
1403715589.262143135071,2
1403715589.312143087387,2
1403715589.362143039703,2
1403715589.412143230438,2
1403715589.462142944336,2
1403715589.512143135071,2
1403715589.562143087387,2
1403715589.612143278122,2
1403715589.662142992020,2
1403715589.712143182755,2
1403715589.762143135071,2
1403715589.812143087387,2
1403715589.862143039703,2
1403715589.912143230438,2
1403715589.962142944336,2
1403715590.012143135071,2
1403715590.062143087387,2
1403715590.112143278122,2
1403715590.162142992020,2
1403715590.212143182755,2
1403715590.262143135071,2
1403715590.312143087387,2
1403715590.362143039703,2
1403715590.412143230438,2
1403715590.462142944336,2
1403715590.512143135071,2
1403715590.562143087387,2
1403715590.612143278122,2
1403715590.662142992020,2
1403715590.712143182755,2
1403715590.762143135071,2
1403715590.812143087387,2
1403715590.862143039703,2
1403715590.912143230438,2
1403715590.962142944336,2
1403715591.012143135071,2
1403715591.062143087387,2
1403715591.112143278122,2
1403715591.162142992020,2
1403715591.212143182755,2
1403715591.262143135071,2
1403715591.312143087387,2
1403715591.362143039703,2
1403715591.412143230438,2
1403715591.462142944336,2
1403715591.512143135071,2
1403715591.562143087387,2
1403715591.612143278122,2
1403715591.662142992020,2
1403715591.712143182755,2
1403715591.762143135071,2
1403715591.812143087387,2
1403715591.862143039703,2
1403715591.912143230438,2
1403715591.962142944336,2
1403715592.012143135071,2
1403715592.062143087387,2
1403715592.112143278122,2
1403715592.162142992020,2
1403715592.212143182755,2
1403715592.262143135071,2
1403715592.312143087387,2
1403715592.362143039703,2
1403715592.412143230438,2
1403715592.462142944336,2
1403715592.512143135071,2
1403715592.562143087387,2
1403715592.612143278122,2
1403715592.662142992020,2
1403715592.712143182755,2
1403715592.762143135071,2
1403715592.812143087387,2
1403715592.862143039703,2
1403715592.912143230438,2
1403715592.962142944336,2
1403715593.012143135071,2
1403715593.062143087387,2
1403715593.112143278122,2
1403715593.162142992020,2
1403715593.212143182755,2
1403715593.262143135071,2
1403715593.312143087387,2
1403715593.362143039703,2
1403715593.412143230438,2
1403715593.462142944336,2
1403715593.512143135071,2
1403715593.562143087387,2
1403715593.612143278122,2
1403715593.662142992020,2
1403715593.712143182755,2
1403715593.762143135071,2
1403715593.812143087387,2
1403715593.862143039703,2
1403715593.912143230438,2
1403715593.962142944336,2
1403715594.012143135071,2
1403715594.062143087387,2
1403715594.112143278122,2
1403715594.162142992020,2
1403715594.212143182755,2
1403715594.262143135071,2
1403715594.312143087387,2
1403715594.362143039703,2
1403715594.412143230438,2
1403715594.462142944336,2
1403715594.512143135071,2
1403715594.562143087387,2
1403715594.612143278122,2
1403715594.662142992020,2
1403715594.712143182755,2
1403715594.762143135071,2
1403715594.812143087387,2
1403715594.862143039703,2
1403715594.912143230438,2
1403715594.962142944336,2
1403715595.012143135071,2
1403715595.062143087387,2
1403715595.112143278122,2
1403715595.162142992020,2
1403715595.212143182755,2
1403715595.262143135071,2
1403715595.312143087387,2
1403715595.362143039703,2
1403715595.412143230438,2
1403715595.462142944336,2
1403715595.512143135071,2
1403715595.562143087387,2
1403715595.612143278122,2
1403715595.662142992020,2
1403715595.712143182755,2
1403715595.762143135071,2
1403715595.812143087387,2
1403715595.862143039703,2
1403715595.912143230438,2
1403715595.962142944336,2
1403715596.012143135071,2
1403715596.062143087387,2
1403715596.112143278122,2
1403715596.162142992020,2
1403715596.212143182755,2
1403715596.262143135071,2
1403715596.312143087387,2
1403715596.362143039703,2
1403715596.412143230438,2
1403715596.462142944336,2
1403715596.512143135071,2
1403715596.562143087387,2
1403715596.612143278122,2
1403715596.662142992020,2
1403715596.712143182755,2
1403715596.762143135071,2
1403715596.812143087387,2
1403715596.862143039703,2
1403715596.912143230438,2
1403715596.962142944336,2
1403715597.012143135071,2
1403715597.062143087387,2
1403715597.112143278122,2
1403715597.162142992020,2
1403715597.212143182755,2
1403715597.262143135071,2
1403715597.312143087387,2
1403715597.362143039703,2
1403715597.412143230438,2
1403715597.462142944336,2
1403715597.512143135071,2
1403715597.562143087387,2
1403715597.612143278122,2
1403715597.662142992020,2
1403715597.712143182755,2
1403715597.762143135071,2
1403715597.812143087387,2
1403715597.862143039703,2
1403715597.912143230438,2
1403715597.962142944336,2
1403715598.012143135071,2
1403715598.062143087387,2
1403715598.112143278122,2
1403715598.162142992020,2
1403715598.212143182755,2
1403715598.262143135071,2
1403715598.312143087387,2
1403715598.362143039703,2
1403715598.412143230438,2
1403715598.462142944336,2
1403715598.512143135071,2
1403715598.562143087387,2
1403715598.612143278122,2
1403715598.662142992020,2
1403715598.712143182755,2
1403715598.762143135071,2
1403715598.812143087387,2
1403715598.862143039703,2
1403715598.912143230438,2
1403715598.962142944336,2
1403715599.012143135071,2
1403715599.062143087387,2
1403715599.112143278122,2
1403715599.162142992020,2
1403715599.212143182755,2
1403715599.262143135071,2
1403715599.312143087387,2
1403715599.362143039703,2
1403715599.412143230438,2
1403715599.462142944336,2
1403715599.512143135071,2
1403715599.562143087387,2
1403715599.612143278122,2
1403715599.662142992020,2
1403715599.712143182755,2
1403715599.762143135071,2
1403715599.812143087387,2
1403715599.862143039703,2
1403715599.912143230438,2
1403715599.962142944336,2
1403715600.012143135071,2
1403715600.062143087387,2
1403715600.112143278122,2
1403715600.162142992020,2
1403715600.212143182755,2
1403715600.262143135071,2
1403715600.312143087387,2
1403715600.362143039703,2
1403715600.412143230438,2
1403715600.462142944336,2
1403715600.512143135071,2
1403715600.562143087387,2
1403715600.612143278122,2
1403715600.662142992020,2
1403715600.712143182755,2
1403715600.762143135071,2
1403715600.812143087387,2
1403715600.862143039703,2
1403715600.912143230438,2
1403715600.962142944336,2
1403715601.012143135071,2
1403715601.062143087387,2
1403715601.112143278122,2
1403715601.162142992020,2
1403715601.212143182755,2
1403715601.262143135071,2
1403715601.312143087387,2
1403715601.362143039703,2
1403715601.412143230438,2
1403715601.462142944336,2
1403715601.512143135071,2
1403715601.562143087387,2
1403715601.612143278122,2
1403715601.662142992020,2
1403715601.712143182755,2
1403715601.762143135071,2
1403715601.812143087387,2
1403715601.862143039703,2
1403715601.912143230438,2
1403715601.962142944336,2
1403715602.012143135071,2
1403715602.062143087387,2
1403715602.112143278122,2
1403715602.162142992020,2
1403715602.212143182755,2
1403715602.262143135071,2
1403715602.312143087387,2
1403715602.362143039703,2
1403715602.412143230438,2
1403715602.462142944336,2
1403715602.512143135071,2
1403715602.562143087387,2
1403715602.612143278122,2
1403715602.662142992020,2
1403715602.712143182755,2
1403715602.762143135071,2
1403715602.812143087387,2
1403715602.862143039703,2
1403715602.912143230438,2
1403715602.962142944336,2
1403715603.012143135071,2
1403715603.062143087387,2
1403715603.112143278122,2
1403715603.162142992020,2
1403715603.212143182755,2
1403715603.262143135071,2
1403715603.312143087387,2
1403715603.362143039703,2
1403715603.412143230438,2
1403715603.462142944336,2
1403715603.512143135071,2
1403715603.562143087387,2
1403715603.612143278122,2
1403715603.662142992020,2
1403715603.712143182755,2
1403715603.762143135071,2
1403715603.812143087387,2
1403715603.862143039703,2
1403715603.912143230438,2
1403715603.962142944336,2
1403715604.012143135071,2
1403715604.062143087387,2
1403715604.112143278122,2
1403715604.162142992020,2
1403715604.212143182755,2
1403715604.262143135071,2
1403715604.312143087387,2
1403715604.362143039703,2
1403715604.412143230438,2
1403715604.462142944336,2
1403715604.512143135071,2
1403715604.562143087387,2
1403715604.612143278122,2
1403715604.662142992020,2
1403715604.712143182755,2
1403715604.762143135071,2
1403715604.812143087387,2
1403715604.862143039703,2
1403715604.912143230438,2
1403715604.962142944336,2
1403715605.012143135071,2
1403715605.062143087387,2
1403715605.112143278122,2
1403715605.162142992020,2
1403715605.212143182755,2
1403715605.262143135071,2
1403715605.312143087387,2
1403715605.362143039703,2
1403715605.412143230438,2
1403715605.462142944336,2
1403715605.512143135071,2
1403715605.562143087387,2
1403715605.612143278122,2
1403715605.662142992020,2
1403715605.712143182755,2
1403715605.762143135071,2
1403715605.812143087387,2
1403715605.862143039703,2
1403715605.912143230438,2
1403715605.962142944336,2
1403715606.012143135071,2
1403715606.062143087387,2
1403715606.112143278122,2
1403715606.162142992020,2
1403715606.212143182755,2
1403715606.262143135071,2
1403715606.312143087387,2
1403715606.362143039703,2
1403715606.412143230438,2
1403715606.462142944336,2
1403715606.512143135071,2
1403715606.562143087387,2
1403715606.612143278122,2
1403715606.662142992020,2
1403715606.712143182755,2
1403715606.762143135071,2
1403715606.812143087387,2
1403715606.862143039703,2
1403715606.912143230438,2
1403715606.962142944336,2
1403715607.012143135071,2
1403715607.062143087387,2
1403715607.112143278122,2
1403715607.162142992020,2
1403715607.212143182755,2
1403715607.262143135071,2
1403715607.312143087387,2
1403715607.362143039703,2
1403715607.412143230438,2
1403715607.462142944336,2
1403715607.512143135071,2
1403715607.562143087387,2
1403715607.612143278122,2
1403715607.662142992020,2
1403715607.712143182755,2
1403715607.762143135071,2
1403715607.812143087387,2
1403715607.862143039703,2
1403715607.912143230438,2
1403715607.962142944336,2
1403715608.012143135071,2
1403715608.062143087387,2
1403715608.112143278122,2
1403715608.162142992020,2
1403715608.212143182755,2
1403715608.262143135071,2
1403715608.312143087387,2
1403715608.362143039703,2
1403715608.412143230438,2
1403715608.462142944336,2
1403715608.512143135071,2
1403715608.562143087387,2
1403715608.612143278122,2
1403715608.662142992020,2
1403715608.712143182755,2
1403715608.762143135071,2
1403715608.812143087387,2
1403715608.862143039703,2
1403715608.912143230438,2
1403715608.962142944336,2
1403715609.012143135071,2
1403715609.062143087387,2
1403715609.112143278122,2
1403715609.162142992020,2
1403715609.212143182755,2
1403715609.262143135071,2
1403715609.312143087387,2
1403715609.362143039703,2
