case,config,test_sequence,model,runs,ate_before_m,ate_after_m,ate_after_seed_sd_m,improvement_pct,improvement_seed_sd_pct,r2_mean,n_test
EuRoC_transfer,motion,V103,CfC_fixed,3,1.2204016578624333,1.2187836136200134,0.00031795345233880313,0.132582927267888,0.026053180958119607,-0.021152269127803065,1442
EuRoC_transfer,motion,V103,CfC_fixed_head,3,1.2204016578624333,1.2189155221427435,0.0005602873011980448,0.1217743117698548,0.04591007375222995,-0.021373465276782227,1442
EuRoC_transfer,motion,V103,CfC_time,3,1.2204016578624333,1.218783613812776,0.00031795296358636574,0.13258291147289678,0.026053140909628323,-0.021152269450599597,1442
EuRoC_transfer,motion,V103,CfC_time_head,3,1.2204016578624333,1.2189155222120724,0.0005602875180272801,0.12177430608902122,0.045910091519265124,-0.021373465393135966,1442
EuRoC_transfer,motion,V103,GRU,3,1.2204016578624333,1.2189380655005813,0.0005227954491210096,0.11992710370580066,0.04283798254065492,-0.02141121750021961,1442
EuRoC_transfer,motion,V103,MLP,3,1.2204016578624333,1.221679721290063,0.0015630541565076225,-0.10472481902951507,0.12807702664426643,-0.026012625872684787,1442
EuRoC_transfer,motion,V103,Mean,1,1.2204016578624333,1.2191387897291854,0.0,0.10347971302003822,0.0,-0.021747451654977157,1442
EuRoC_transfer,motion,V103,Oracle_previous_GT,1,1.2204016578624333,0.8238308198178493,0.0,32.49510810557145,0.0,0.5334337353527352,1442
EuRoC_transfer,motion,V103,Ridge,1,1.2204016578624333,1.200402536197398,0.0,1.6387327513192829,0.0,0.009416538805455787,1442
EuRoC_transfer,motion,V103,Zero,1,1.2204016578624333,1.2204016578624333,0.0,0.0,0.0,-0.023865341145428598,1442
EuRoC_transfer,rich,V103,CfC_fixed,3,1.2204016578624333,1.218988251953282,0.00021522060861397643,0.11581481392174409,0.017635227486574097,-0.02149517079960524,1442
EuRoC_transfer,rich,V103,CfC_fixed_head,3,1.2204016578624333,1.2190542946201333,0.00031415587557617693,0.11040326220630448,0.025742006621529322,-0.02160589548104445,1442
EuRoC_transfer,rich,V103,CfC_time,3,1.2204016578624333,1.2189882523964573,0.00021521959544514772,0.11581477760785885,0.017635144467283807,-0.021495171542054603,1442
EuRoC_transfer,rich,V103,CfC_time_head,3,1.2204016578624333,1.2190542947071477,0.00031415577783048003,0.11040325507633748,0.025741998612222667,-0.021605895626843674,1442
EuRoC_transfer,rich,V103,GRU,3,1.2204016578624333,1.2187764679942799,0.00076559908196782,0.1331684415276794,0.06273336954562808,-0.0211406287452669,1442
EuRoC_transfer,rich,V103,MLP,3,1.2204016578624333,1.2222452774412569,0.0023884445577067935,-0.15106662359446466,0.19570971100532167,-0.02696503703454926,1442
EuRoC_transfer,rich,V103,Mean,1,1.2204016578624333,1.2191387897291854,0.0,0.10347971302003822,0.0,-0.021747451654977157,1442
EuRoC_transfer,rich,V103,Oracle_previous_GT,1,1.2204016578624333,0.8238308198178493,0.0,32.49510810557145,0.0,0.5334337353527352,1442
EuRoC_transfer,rich,V103,Ridge,1,1.2204016578624333,1.203824194670311,0.0,1.3583612481449903,0.0,0.0037613209183655627,1442
EuRoC_transfer,rich,V103,Zero,1,1.2204016578624333,1.2204016578624333,0.0,0.0,0.0,-0.023865341145428598,1442
K00i_future1,motion,K00i,CfC_fixed,3,55.59444888440589,60.24325588835859,0.5206812907928096,-8.361998539851852,0.9365706491226001,-0.5262173415086541,247
K00i_future1,motion,K00i,CfC_fixed_head,3,55.59444888440589,59.829996760636334,0.6344057791186938,-7.618652511579263,1.1411315191518072,-0.5054067430378643,247
K00i_future1,motion,K00i,CfC_time,3,55.59444888440589,60.24270008548144,0.5401898869420129,-8.360998794574561,0.9716615557520848,-0.526197884776583,247
K00i_future1,motion,K00i,CfC_time_head,3,55.59444888440589,60.15867084309477,0.9994430390752392,-8.209851973133107,1.79773890942479,-0.522240905103518,247
K00i_future1,motion,K00i,GRU,3,55.59444888440589,62.145514488415735,0.1804040189652949,-11.78366857747087,0.32450005816299676,-0.6240160121795318,247
K00i_future1,motion,K00i,MLP,3,55.59444888440589,59.21556083031718,0.10248804419904481,-6.513441572989499,0.18434942023104464,-0.47448400712823086,247
K00i_future1,motion,K00i,Mean,1,55.59444888440589,59.085943614264565,0.0,-6.280293806164572,0.0,-0.4680316645272784,247
K00i_future1,motion,K00i,Oracle_previous_GT,1,55.59444888440589,0.3080997904186228,0.0,99.4458083556881,0.0,0.9999600837489008,247
K00i_future1,motion,K00i,Ridge,1,55.59444888440589,60.96632306238176,0.0,-9.662608921882242,0.0,-0.5629571726083671,247
K00i_future1,motion,K00i,Zero,1,55.59444888440589,55.59444888440589,0.0,0.0,0.0,-0.2996605325718784,247
K00i_future1,rich,K00i,CfC_fixed,3,55.59444888440589,59.95117693032527,0.4079363845823997,-7.836624219403735,0.7337717933504418,-0.5114110957549044,247
K00i_future1,rich,K00i,CfC_fixed_head,3,55.59444888440589,59.937132462122776,0.41579693412595903,-7.8113618623081456,0.7479108840353825,-0.5107057926022387,247
K00i_future1,rich,K00i,CfC_time,3,55.59444888440589,59.83853777489153,0.5256365784553396,-7.6340155818616156,0.945483926908354,-0.5057834754368364,247
K00i_future1,rich,K00i,CfC_time_head,3,55.59444888440589,60.01780301000341,0.42796363512806307,-7.956467263116021,0.7697956247716374,-0.5147792266800213,247
K00i_future1,rich,K00i,GRU,3,55.59444888440589,59.8910210491278,0.2911258801215507,-7.728419385279831,0.5236599803819808,-0.5083452769145523,247
K00i_future1,rich,K00i,MLP,3,55.59444888440589,58.96389340668488,0.0478621928075522,-6.060757125742655,0.08609167600000685,-0.4619740457865005,247
K00i_future1,rich,K00i,Mean,1,55.59444888440589,59.085943614264565,0.0,-6.280293806164572,0.0,-0.4680316645272784,247
K00i_future1,rich,K00i,Oracle_previous_GT,1,55.59444888440589,0.3080997904186228,0.0,99.4458083556881,0.0,0.9999600837489008,247
K00i_future1,rich,K00i,Ridge,1,55.59444888440589,59.38412148033651,0.0,-6.816638480957415,0.0,-0.482885927180037,247
K00i_future1,rich,K00i,Zero,1,55.59444888440589,55.59444888440589,0.0,0.0,0.0,-0.2996605325718784,247
K00i_future2,motion,K00i,CfC_fixed,3,89.56463948099085,81.70488378081114,1.7549834561005027,8.775512016489332,1.9594601912878573,-0.9239640015753757,248
K00i_future2,motion,K00i,CfC_fixed_head,3,89.56463948099085,82.44559942089624,1.2837514544771267,7.948494072379475,1.4333239791018082,-0.9585777974867641,248
K00i_future2,motion,K00i,CfC_time,3,89.56463948099085,81.68186233139376,1.8148395629916994,8.801215742369102,2.0262902564095966,-0.9229420027202583,248
K00i_future2,motion,K00i,CfC_time_head,3,89.56463948099085,82.51279622386552,1.3206499200319022,7.873468031568419,1.4745215608356224,-0.9617986623390271,248
K00i_future2,motion,K00i,GRU,3,89.56463948099085,84.42494823127917,1.5136989864477992,5.738527257514973,1.6900631713803365,-1.0539117493493126,248
K00i_future2,motion,K00i,MLP,3,89.56463948099085,84.1647104454414,1.3846407309319668,6.02908588349258,1.545968072841785,-1.0411653108671146,248
K00i_future2,motion,K00i,Mean,1,89.56463948099085,84.48992156918192,0.0,5.665983742262471,0.0,-1.056413271241535,248
K00i_future2,motion,K00i,Oracle_previous_GT,1,89.56463948099085,0.7845979740081281,0.0,99.12398690090787,0.0,0.9998226648669383,248
K00i_future2,motion,K00i,Ridge,1,89.56463948099085,156.66524954840028,0.0,-74.91864027616705,0.0,-6.0704317512797985,248
K00i_future2,motion,K00i,Zero,1,89.56463948099085,89.56463948099085,0.0,0.0,0.0,-1.3108606008503823,248
K00i_future2,rich,K00i,CfC_fixed,3,89.56463948099085,84.04323585390627,0.7456317228890317,6.1647137297487165,0.832506809841271,-1.0348870031281423,248
K00i_future2,rich,K00i,CfC_fixed_head,3,89.56463948099085,85.74855118980766,2.123762180464973,4.260708593588558,2.3712060839766114,-1.119436890368494,248
K00i_future2,rich,K00i,CfC_time,3,89.56463948099085,83.28282677091204,1.2905533543639736,7.013719640340935,1.4409183823465035,-0.9985534723488438,248
K00i_future2,rich,K00i,CfC_time_head,3,89.56463948099085,85.77182461658732,2.1094461894734495,4.234723531945339,2.3552221074045114,-1.120569376324974,248
K00i_future2,rich,K00i,GRU,3,89.56463948099085,83.44454577383163,1.6702878481518193,6.833158423484904,1.8648965237071267,-1.0066446333951964,248
K00i_future2,rich,K00i,MLP,3,89.56463948099085,84.31463997607841,1.2261649365201785,5.86168775460398,1.369027937393105,-1.0483228206492619,248
K00i_future2,rich,K00i,Mean,1,89.56463948099085,84.48992156918192,0.0,5.665983742262471,0.0,-1.056413271241535,248
K00i_future2,rich,K00i,Oracle_previous_GT,1,89.56463948099085,0.7845979740081281,0.0,99.12398690090787,0.0,0.9998226648669383,248
K00i_future2,rich,K00i,Ridge,1,89.56463948099085,84.32883896259032,0.0,5.845834414944262,0.0,-1.0485795203645085,248
K00i_future2,rich,K00i,Zero,1,89.56463948099085,89.56463948099085,0.0,0.0,0.0,-1.3108606008503823,248
K00i_future3,motion,K00i,CfC_fixed,3,126.03402445514502,128.46288237442994,1.0944636775769092,-1.9271446181180634,0.8683874710090052,-1.475200827979662,330
K00i_future3,motion,K00i,CfC_fixed_head,3,126.03402445514502,127.14444953614952,1.3951183017417028,-0.8810518316819227,1.1069378350591506,-1.4247707963599552,330
K00i_future3,motion,K00i,CfC_time,3,126.03402445514502,129.02746966697762,0.967600845384873,-2.3751088047640367,0.7677298646678065,-1.4969645641268023,330
K00i_future3,motion,K00i,CfC_time_head,3,126.03402445514502,126.71711507942005,2.2363493159441847,-0.5419890598813093,1.7744012583999405,-1.4089589264337397,330
K00i_future3,motion,K00i,GRU,3,126.03402445514502,128.3801971884291,0.41876107823984243,-1.8615391704159157,0.33226034005514377,-1.4718624070803912,330
K00i_future3,motion,K00i,MLP,3,126.03402445514502,125.34832246291894,0.32121069836730143,0.544061014627136,0.2548603043947246,-1.356478594749379,330
K00i_future3,motion,K00i,Mean,1,126.03402445514502,126.5122072394389,0.0,-0.37940769277271524,0.0,-1.4004267659255922,330
K00i_future3,motion,K00i,Oracle_previous_GT,1,126.03402445514502,0.901566860582076,0.0,99.28466391160671,0.0,0.9998780955747449,330
K00i_future3,motion,K00i,Ridge,1,126.03402445514502,127.07209472381717,0.0,-0.8236428798967799,0.0,-1.4217202496366537,330
K00i_future3,motion,K00i,Zero,1,126.03402445514502,126.03402445514502,0.0,0.0,0.0,-1.3823150990231525,330
K00i_future3,rich,K00i,CfC_fixed,3,126.03402445514502,126.80767640305014,2.8554386362384454,-0.61384372295471,2.2656093452404877,-1.4128750878707903,330
K00i_future3,rich,K00i,CfC_fixed_head,3,126.03402445514502,123.91543571266686,2.4745449942071134,1.6809657167078313,1.9633944126633796,-1.303814819406234,330
K00i_future3,rich,K00i,CfC_time,3,126.03402445514502,126.72269988728812,2.9919383258856844,-0.5464202505000496,2.373913186395553,-1.4097636782565826,330
K00i_future3,rich,K00i,CfC_time_head,3,126.03402445514502,123.8115541426266,2.5885413921572766,1.7633891499746401,2.053843319966768,-1.3000418430079772,330
K00i_future3,rich,K00i,GRU,3,126.03402445514502,121.77725892858724,2.433778977694163,3.3774733013248586,1.9310491656642583,-1.2249969243486303,330
K00i_future3,rich,K00i,MLP,3,126.03402445514502,125.38716973971877,0.8673255763263583,0.5132381658227972,0.6881678023659634,-1.3580367721730446,330
K00i_future3,rich,K00i,Mean,1,126.03402445514502,126.5122072394389,0.0,-0.37940769277271524,0.0,-1.4004267659255922,330
K00i_future3,rich,K00i,Oracle_previous_GT,1,126.03402445514502,0.901566860582076,0.0,99.28466391160671,0.0,0.9998780955747449,330
K00i_future3,rich,K00i,Ridge,1,126.03402445514502,121.47420021581735,0.0,3.6179311571142403,0.0,-1.2130523723744169,330
K00i_future3,rich,K00i,Zero,1,126.03402445514502,126.03402445514502,0.0,0.0,0.0,-1.3823150990231525,330
K00i_global_diagnostic,motion,K00i,CfC_fixed,3,30.015467784486184,32.27388588297575,1.453390913728477,-7.524180914671116,4.842139806595578,-1.6173087729405007,393
K00i_global_diagnostic,motion,K00i,CfC_fixed_head,3,30.015467784486184,33.05223927382196,0.9690003175143717,-10.117355195461478,3.22833655124712,-1.7418739714816487,393
K00i_global_diagnostic,motion,K00i,CfC_time,3,30.015467784486184,32.2946158382746,1.4073996359064893,-7.59324515664026,4.6889145490310185,-1.6203353723163625,393
K00i_global_diagnostic,motion,K00i,CfC_time_head,3,30.015467784486184,33.10510406709934,0.9293447055765782,-10.293480364180978,3.0962192968284197,-1.7504555485286037,393
K00i_global_diagnostic,motion,K00i,GRU,3,30.015467784486184,34.12935212859745,0.8342601411414486,-13.705881159838448,2.779434080892928,-1.9227260072469905,393
K00i_global_diagnostic,motion,K00i,MLP,3,30.015467784486184,34.20345086507635,0.5736348174032685,-13.952749664473876,1.9111306927548801,-1.9345031923311342,393
K00i_global_diagnostic,motion,K00i,Mean,1,30.015467784486184,35.04325381485149,0.0,-16.750650252947153,0.0,-2.079508769967092,393
K00i_global_diagnostic,motion,K00i,Oracle_previous_GT,1,30.015467784486184,0.2847860683335724,0.0,99.05120229883352,0.0,0.9997966191408514,393
K00i_global_diagnostic,motion,K00i,Ridge,1,30.015467784486184,41.25132895266212,0.0,-37.433570080767865,0.0,-3.267253913920862,393
K00i_global_diagnostic,motion,K00i,Zero,1,30.015467784486184,30.015467784486184,0.0,0.0,0.0,-1.2592423950011695,393
K00i_global_diagnostic,rich,K00i,CfC_fixed,3,30.015467784486184,36.39855874582673,1.9484123178646622,-21.266005271587723,6.491360827205632,-2.3318362026972186,393
K00i_global_diagnostic,rich,K00i,CfC_fixed_head,3,30.015467784486184,35.20726383854338,0.3970804244467394,-17.29706860254443,1.3229193271209798,-2.1087971555388254,393
K00i_global_diagnostic,rich,K00i,CfC_time,3,30.015467784486184,36.367847013081914,1.9360582130172765,-21.16368558440067,6.450201699065142,-2.3261117357037606,393
K00i_global_diagnostic,rich,K00i,CfC_time_head,3,30.015467784486184,34.89455214065989,0.1544148328428953,-16.255233438992104,0.5144508623074265,-2.053488991223361,393
K00i_global_diagnostic,rich,K00i,GRU,3,30.015467784486184,36.50169626053307,0.6398780749023799,-21.609619822081754,2.1318277612621657,-2.3421976585094737,393
K00i_global_diagnostic,rich,K00i,MLP,3,30.015467784486184,34.87186830551369,0.8521797094513768,-16.179659620489357,2.8391351937944287,-2.0512817195986184,393
K00i_global_diagnostic,rich,K00i,Mean,1,30.015467784486184,35.04325381485149,0.0,-16.750650252947153,0.0,-2.079508769967092,393
K00i_global_diagnostic,rich,K00i,Oracle_previous_GT,1,30.015467784486184,0.2847860683335724,0.0,99.05120229883352,0.0,0.9997966191408514,393
K00i_global_diagnostic,rich,K00i,Ridge,1,30.015467784486184,43.06715012471727,0.0,-43.48318818131827,0.0,-3.6511984001538025,393
K00i_global_diagnostic,rich,K00i,Zero,1,30.015467784486184,30.015467784486184,0.0,0.0,0.0,-1.2592423950011695,393
KITTI_transfer,motion,K03,CfC_fixed,3,20.973774896345454,22.761259758831795,1.9855125961471594,-8.522475669355066,9.466643968287858,-3.8850412861795625,318
KITTI_transfer,motion,K03,CfC_fixed_head,3,20.973774896345454,21.782926954342305,1.400449726352672,-3.8579228679422912,6.677146738123385,-3.458690059654207,318
KITTI_transfer,motion,K03,CfC_time,3,20.973774896345454,22.907759215762336,2.246981657939086,-9.220964413773048,10.713291570277166,-3.9580071054968964,318
KITTI_transfer,motion,K03,CfC_time_head,3,20.973774896345454,22.856869908384635,1.6099979258989332,-8.978331374993902,7.676242993241361,-3.9132218907343135,318
KITTI_transfer,motion,K03,GRU,3,20.973774896345454,19.7103133373145,0.4558255905666613,6.024006480831955,2.173312113910815,-2.6374973541364057,318
KITTI_transfer,motion,K03,MLP,3,20.973774896345454,19.551522223284085,0.7369921909549991,6.781100112355965,3.5138748012567587,-2.5822939959623294,318
KITTI_transfer,motion,K03,Mean,1,20.973774896345454,18.57096983196519,0.0,11.456235590661068,0.0,-2.227398477076429,318
KITTI_transfer,motion,K03,Oracle_previous_GT,1,20.973774896345454,0.11560585524831683,0.0,99.44880759033768,0.0,0.999874932915993,318
KITTI_transfer,motion,K03,Ridge,1,20.973774896345454,22.50892668184685,0.0,-7.319387154140222,0.0,-3.7412515057058258,318
KITTI_transfer,motion,K03,Zero,1,20.973774896345454,20.973774896345454,0.0,0.0,0.0,-3.116580626196779,318
KITTI_transfer,motion,K04i,CfC_fixed,3,6.060342605130697,15.896458853439425,3.299945115587199,-162.30297343225206,54.45146142057149,-29.749882438421547,92
KITTI_transfer,motion,K04i,CfC_fixed_head,3,6.060342605130697,23.939583048381877,5.996674457939324,-295.0202918909994,98.94942990289904,-70.05295577976533,92
KITTI_transfer,motion,K04i,CfC_time,3,6.060342605130697,15.84608370135696,3.252646613143794,-161.47174728936344,53.6710022035734,-29.52718410989128,92
KITTI_transfer,motion,K04i,CfC_time_head,3,6.060342605130697,23.668432983879025,4.244780157773412,-290.5461213338217,70.04191733615474,-66.45391543942684,92
KITTI_transfer,motion,K04i,GRU,3,6.060342605130697,9.306713642778277,0.9622524750600577,-53.56745070648639,15.877856051329728,-9.212455021999311,92
KITTI_transfer,motion,K04i,MLP,3,6.060342605130697,11.571441043219151,1.1992177863854214,-90.93707727716166,19.787953660741266,-14.788247689107989,92
KITTI_transfer,motion,K04i,Mean,1,6.060342605130697,9.495716672377625,0.0,-56.686136264615385,0.0,-9.51901078260244,92
KITTI_transfer,motion,K04i,Oracle_previous_GT,1,6.060342605130697,0.12272413649042992,0.0,97.97496371927006,0.0,0.9982429689080403,92
KITTI_transfer,motion,K04i,Ridge,1,6.060342605130697,16.950553392930104,0.0,-179.69628942396318,0.0,-32.518700003115136,92
KITTI_transfer,motion,K04i,Zero,1,6.060342605130697,6.060342605130697,0.0,0.0,0.0,-3.2846342836723412,92
V103_future1,motion,V103,CfC_fixed,3,1.2205511067989487,1.1941747102226488,0.019548728031117433,2.161023526943954,1.601631256751421,-0.06745149664861698,271
V103_future1,motion,V103,CfC_fixed_head,3,1.2205511067989487,1.2459794601259777,0.02507688853869723,-2.0833501510410453,2.054554569571822,-0.1622343140084963,271
V103_future1,motion,V103,CfC_time,3,1.2205511067989487,1.193521396599811,0.021787097224159127,2.2145496447114463,1.7850212992144674,-0.06635339772657171,271
V103_future1,motion,V103,CfC_time_head,3,1.2205511067989487,1.2459863611356523,0.025060572637417962,-2.0839155521648425,2.0532178044672413,-0.16224657101819848,271
V103_future1,motion,V103,GRU,3,1.2205511067989487,1.2125804840056862,0.014350722610267886,0.6530347438024461,1.1757576172213273,-0.10046952013697748,271
V103_future1,motion,V103,MLP,3,1.2205511067989487,1.2392550467086687,0.012538677401770353,-1.532417594440057,1.0272963853725583,-0.1493753925291359,271
V103_future1,motion,V103,Mean,1,1.2205511067989487,1.2508846225981924,0.0,-2.485231108330832,0.0,-0.17092897373583882,271
V103_future1,motion,V103,Oracle_previous_GT,1,1.2205511067989487,0.8457812732911459,0.0,30.70496855233572,0.0,0.4646815979122103,271
V103_future1,motion,V103,Ridge,1,1.2205511067989487,1.1156816671345176,0.0,8.591974484334763,0.0,0.06851334365675432,271
V103_future1,motion,V103,Zero,1,1.2205511067989487,1.2205511067989487,0.0,0.0,0.0,-0.11482829522641502,271
V103_future1,rich,V103,CfC_fixed,3,1.2205511067989487,1.2341461200523338,0.020738999640071115,-1.1138421961731426,1.6991504513450288,-0.14012332492663324,271
V103_future1,rich,V103,CfC_fixed_head,3,1.2205511067989487,1.2225947135007151,0.04605557051462548,-0.16743311200840072,3.7733422433585866,-0.12015190854165225,271
V103_future1,rich,V103,CfC_time,3,1.2205511067989487,1.2341978193789422,0.02070947784520749,-1.1180779324991914,1.6967317246977693,-0.1402179055524886,271
V103_future1,rich,V103,CfC_time_head,3,1.2205511067989487,1.2220733597516713,0.04691046550236406,-0.12471849349389164,3.8433839632813673,-0.11925760283214892,271
V103_future1,rich,V103,GRU,3,1.2205511067989487,1.216901984117351,0.010260702715612859,0.29897336221899423,0.8406614568170659,-0.1082509670094934,271
V103_future1,rich,V103,MLP,3,1.2205511067989487,1.1997451616623416,0.02431270469224442,1.7046353094687865,1.991944831872514,-0.07758707296658418,271
V103_future1,rich,V103,Mean,1,1.2205511067989487,1.2508846225981924,0.0,-2.485231108330832,0.0,-0.17092897373583882,271
V103_future1,rich,V103,Oracle_previous_GT,1,1.2205511067989487,0.8457812732911459,0.0,30.70496855233572,0.0,0.4646815979122103,271
V103_future1,rich,V103,Ridge,1,1.2205511067989487,1.1416238799987057,0.0,6.466523717080541,0.0,0.024691221780493655,271
V103_future1,rich,V103,Zero,1,1.2205511067989487,1.2205511067989487,0.0,0.0,0.0,-0.11482829522641502,271
V103_future2,motion,V103,CfC_fixed,3,1.0943483970913739,1.0363609525864697,0.06362443470107866,5.298810201488553,5.813910347946187,0.031078237631334587,271
V103_future2,motion,V103,CfC_fixed_head,3,1.0943483970913739,1.0604873713253873,0.007288476572987046,3.0941723728919084,0.6660106226096545,-0.010797979519748849,271
V103_future2,motion,V103,CfC_time,3,1.0943483970913739,1.0366907087430854,0.06418545287995475,5.268677552919576,5.865175391178053,0.030399416507499666,271
V103_future2,motion,V103,CfC_time_head,3,1.0943483970913739,1.0438516406201541,0.01679078127513566,4.614321783212109,1.534317710864585,0.02045867902026059,271
V103_future2,motion,V103,GRU,3,1.0943483970913739,0.9558892083811216,0.02129522931262814,12.652203729475707,1.9459277657122676,0.17839427500924634,271
V103_future2,motion,V103,MLP,3,1.0943483970913739,1.0250162921429793,0.002814941641450194,6.335469136946677,0.25722536341551944,0.05572680372646066,271
V103_future2,motion,V103,Mean,1,1.0943483970913739,1.0683537836458867,0.0,2.375350803690779,0.0,-0.025800802919948795,271
V103_future2,motion,V103,Oracle_previous_GT,1,1.0943483970913739,0.6804444631310799,0.0,37.821952776683666,0.0,0.5838803531371954,271
V103_future2,motion,V103,Ridge,1,1.0943483970913739,0.9029687647125022,0.0,17.4879986014995,0.0,0.2672120731613694,271
V103_future2,motion,V103,Zero,1,1.0943483970913739,1.0943483970913739,0.0,0.0,0.0,-0.07632657161351841,271
V103_future2,rich,V103,CfC_fixed,3,1.0943483970913739,1.0699550874719839,0.005512170032239643,2.229025937646904,0.5036942574129263,-0.028905461223431406,271
V103_future2,rich,V103,CfC_fixed_head,3,1.0943483970913739,1.0851994425986795,0.03238066216051795,0.8360184486961445,2.9588988521919783,-0.059347554159767,271
V103_future2,rich,V103,CfC_time,3,1.0943483970913739,1.0725289783330725,0.0051285423976137395,1.9938274516867214,0.4686389098064823,-0.03385789827765954,271
V103_future2,rich,V103,CfC_time_head,3,1.0943483970913739,1.08544661641347,0.032696912285207186,0.8134320570636974,2.987797338773558,-0.059848247652878994,271
V103_future2,rich,V103,GRU,3,1.0943483970913739,1.0041927349637423,0.015428051802699488,8.238296173983784,1.4097934299264425,0.09349647015334399,271
V103_future2,rich,V103,MLP,3,1.0943483970913739,1.0438118825446125,0.00442629020036536,4.617954819605923,0.40446810285735674,0.020769048163853537,271
V103_future2,rich,V103,Mean,1,1.0943483970913739,1.0683537836458867,0.0,2.375350803690779,0.0,-0.025800802919948795,271
V103_future2,rich,V103,Oracle_previous_GT,1,1.0943483970913739,0.6804444631310799,0.0,37.821952776683666,0.0,0.5838803531371954,271
V103_future2,rich,V103,Ridge,1,1.0943483970913739,0.9380421769033462,0.0,14.283040081519548,0.0,0.20918011397198077,271
V103_future2,rich,V103,Zero,1,1.0943483970913739,1.0943483970913739,0.0,0.0,0.0,-0.07632657161351841,271
V103_future3,motion,V103,CfC_fixed,3,1.154186842806683,1.075511654979884,0.04490218629703602,6.816503611796642,3.8903741258950344,0.11566453944240303,362
V103_future3,motion,V103,CfC_fixed_head,3,1.154186842806683,1.1094196099106537,0.028087053857254594,3.8786816168487115,2.4334928120436876,0.06005938767710706,362
V103_future3,motion,V103,CfC_time,3,1.154186842806683,1.0758750683936327,0.04510307468761782,6.785017079437206,3.9077793139574193,0.11505404868732456,362
V103_future3,motion,V103,CfC_time_head,3,1.154186842806683,1.0853735688664214,0.061828373881428374,5.962056695510891,5.356877377936296,0.09802196182738732,362
V103_future3,motion,V103,GRU,3,1.154186842806683,0.9352419803214721,0.017618879571991593,18.969620373837717,1.526518837205511,0.332221306584295,362
V103_future3,motion,V103,MLP,3,1.154186842806683,1.0984997311572526,0.0055842124512097465,4.824791756767358,0.4838222239330332,0.07903823283889022,362
V103_future3,motion,V103,Mean,1,1.154186842806683,1.1473962027307312,0.0,0.5883484219451729,0.0,-0.004748312008677091,362
V103_future3,motion,V103,Oracle_previous_GT,1,1.154186842806683,0.7772719681127214,0.0,32.65631358068529,0.0,0.538919797591793,362
V103_future3,motion,V103,Ridge,1,1.154186842806683,0.9706823944173717,0.0,15.899024454574107,0.0,0.28090747641119884,362
V103_future3,motion,V103,Zero,1,1.154186842806683,1.154186842806683,0.0,0.0,0.0,-0.01667631748731213,362
V103_future3,rich,V103,CfC_fixed,3,1.154186842806683,1.1418364323718937,0.007328308195411421,1.0700529564828847,0.6349325710203818,0.004924235946011509,362
V103_future3,rich,V103,CfC_fixed_head,3,1.154186842806683,1.1322768703988932,0.02528054367544785,1.8983037750205487,2.1903337256879603,0.021068770597397424,362
V103_future3,rich,V103,CfC_time,3,1.154186842806683,1.1415803776171571,0.008919856641248499,1.0922378181742614,0.7728260547103247,0.005350719605208572,362
V103_future3,rich,V103,CfC_time_head,3,1.154186842806683,1.1322780943715602,0.025370453480776836,1.8981977287010565,2.1981236087462652,0.021063179671072668,362
V103_future3,rich,V103,GRU,3,1.154186842806683,0.9523327937525247,0.03728639595529958,17.488853759873212,3.2305337898869757,0.3067766507944463,362
V103_future3,rich,V103,MLP,3,1.154186842806683,1.1032990413809391,0.006372728294401915,4.4089743132054755,0.5521400918853903,0.07096636128750759,362
V103_future3,rich,V103,Mean,1,1.154186842806683,1.1473962027307312,0.0,0.5883484219451729,0.0,-0.004748312008677091,362
V103_future3,rich,V103,Oracle_previous_GT,1,1.154186842806683,0.7772719681127214,0.0,32.65631358068529,0.0,0.538919797591793,362
V103_future3,rich,V103,Ridge,1,1.154186842806683,0.974949752669907,0.0,15.529295906797714,0.0,0.27457096463880404,362
V103_future3,rich,V103,Zero,1,1.154186842806683,1.154186842806683,0.0,0.0,0.0,-0.01667631748731213,362
V103_global_diagnostic,motion,V103,CfC_fixed,3,0.9124684081923602,0.8452816229059906,0.011307681184993505,7.363190296031134,1.2392408420357848,0.02853134816011042,432
V103_global_diagnostic,motion,V103,CfC_fixed_head,3,0.9124684081923602,0.8563107845964762,0.008041847115491817,6.15447319509228,0.8813288266519872,0.0031051481466628874,432
V103_global_diagnostic,motion,V103,CfC_time,3,0.9124684081923602,0.8486944902247339,0.009390754208276552,6.98916448997563,1.029159379542803,0.020726147863239675,432
V103_global_diagnostic,motion,V103,CfC_time_head,3,0.9124684081923602,0.8554306863969279,0.009415938340561456,6.250925652146859,1.0319193800051478,0.005120479488957071,432
V103_global_diagnostic,motion,V103,GRU,3,0.9124684081923602,0.7922376991326464,0.028170650699287005,13.176424299214489,3.0873014831378423,0.14570472193689224,432
V103_global_diagnostic,motion,V103,MLP,3,0.9124684081923602,0.8591238538215137,0.004721901125830837,5.846180962749654,0.5174865325129601,-0.003397231049622048,432
V103_global_diagnostic,motion,V103,Mean,1,0.9124684081923602,0.8955804187484961,0.0,1.8508026461233729,0.0,-0.0903285979683277,432
V103_global_diagnostic,motion,V103,Oracle_previous_GT,1,0.9124684081923602,0.5318839311008393,0.0,41.70933192585542,0.0,0.6154241907881604,432
V103_global_diagnostic,motion,V103,Ridge,1,0.9124684081923602,0.7906615801226283,0.0,13.349155650334954,0.0,0.15017501638950992,432
V103_global_diagnostic,motion,V103,Zero,1,0.9124684081923602,0.9124684081923602,0.0,0.0,0.0,-0.1318370300267735,432
V103_global_diagnostic,rich,V103,CfC_fixed,3,0.9124684081923602,0.8867811149798395,0.01156087097429028,2.8151432950329074,1.266988628920633,-0.06919003511171821,432
V103_global_diagnostic,rich,V103,CfC_fixed_head,3,0.9124684081923602,0.882839884565818,0.01980039142700903,3.2470739107820386,2.1699810370678447,-0.060060172745650266,432
V103_global_diagnostic,rich,V103,CfC_time,3,0.9124684081923602,0.8866677491535836,0.011721788222710014,2.8275673773614654,1.2846240064279473,-0.0689218223011873,432
V103_global_diagnostic,rich,V103,CfC_time_head,3,0.9124684081923602,0.8830044439144128,0.019763650797103526,3.229039385189991,2.1659545272648058,-0.060453220445719914,432
V103_global_diagnostic,rich,V103,GRU,3,0.9124684081923602,0.8489231819483406,0.011503453181938234,6.964101515569765,1.2606960502585574,0.020138378203744534,432
V103_global_diagnostic,rich,V103,MLP,3,0.9124684081923602,0.8680868052983879,0.008108247997840826,4.863905697501817,0.8886058876168244,-0.024501081924814556,432
V103_global_diagnostic,rich,V103,Mean,1,0.9124684081923602,0.8955804187484961,0.0,1.8508026461233729,0.0,-0.0903285979683277,432
V103_global_diagnostic,rich,V103,Oracle_previous_GT,1,0.9124684081923602,0.5318839311008393,0.0,41.70933192585542,0.0,0.6154241907881604,432
V103_global_diagnostic,rich,V103,Ridge,1,0.9124684081923602,0.9097797591808229,0.0,0.29465666837317217,0.0,-0.12517678022830658,432
V103_global_diagnostic,rich,V103,Zero,1,0.9124684081923602,0.9124684081923602,0.0,0.0,0.0,-0.1318370300267735,432
