kf_id,ts,n_fixed_kf,n_opt_kf,n_mps,n_edges,n_inlier_edges,ratio_inlier_edge,chi2_mean,chi2_std,pix_mean_px,pix_std_px,pix_median_px,pix_p90_px,opt_ms
2,1403715894.03,1,3,0,824,824,1,0.222112437446,0.384003377797,0.631058810866,0.701902240033,0.386904865503,1.47817420959,1.365593
3,1403715894.13,1,4,0,916,916,1,0.322638501619,0.52412471817,0.848011289422,0.840474279042,0.584078371525,1.81508636475,1.454591
4,1403715894.18,1,5,0,1216,1215,0.999177631579,0.404764744878,0.648782832662,0.957545102759,0.912148116155,0.694036304951,1.97623479366,2.315695
5,1403715894.23,1,6,0,1529,1528,0.999345977763,0.433089905256,0.784141403398,0.992159145122,0.909953703448,0.732737898827,2.03728747368,2.983787
6,1403715894.28,1,7,0,1767,1765,0.998868138087,0.484720770436,0.906820844385,1.03481497325,0.951594955527,0.759277284145,2.09660673141,3.384953
7,1403715894.38,1,8,0,2036,2033,0.998526522593,0.55118114288,0.806205624385,1.11909574893,1.00416382399,0.816118001938,2.33515095711,4.605309
8,1403715894.43,1,8,0,2151,2146,0.997675499768,0.553819106827,1.22589874242,1.09829950356,0.971350513393,0.808091282845,2.28380870819,4.226379
9,1403715894.53,1,9,0,2692,2686,0.997771173848,0.55905919437,0.911231769067,1.10923582496,0.982975178925,0.824888765812,2.2290725708,6.011621
10,1403715894.58,1,9,0,3010,3001,0.997009966777,0.567629638329,0.895238720316,1.13022695374,1.00741027974,0.840854942799,2.33321547508,7.583989
11,1403715894.63,1,10,0,3576,3551,0.993008948546,0.715136818983,3.27374012635,1.14755302844,1.00913589244,0.862269461155,2.34224867821,8.402101
12,1403715894.68,1,10,0,3703,3683,0.994598973805,0.6731696271,2.82248982919,1.14424382683,0.98602834011,0.870656907558,2.30552959442,9.225549
13,1403715894.73,1,11,0,4220,4194,0.993838862559,0.696163367694,1.66897789373,1.18956343861,0.985985756205,0.930559933186,2.31962037086,9.928439
14,1403715894.78,1,10,0,4108,4078,0.992697176241,0.947069424319,10.0771323919,1.18442503606,0.96978663615,0.931366086006,2.32589268684,9.169841
15,1403715894.83,1,11,0,4658,4621,0.992056676685,1.20075741039,22.8885238013,1.2206675716,0.968636521745,0.972526729107,2.33354353905,13.504
16,1403715894.88,1,11,0,4689,4659,0.993602047345,4.71531417064,256.769896354,1.22318069801,0.966703639292,0.966731667519,2.38954591751,11.657204
17,1403715894.93,1,12,0,5131,5089,0.991814461119,10.4291788511,485.105319574,1.24602135831,0.982420720524,0.99552321434,2.41553020477,12.86217
18,1403715894.98,1,13,0,5468,5420,0.991221653255,2.92140333738,139.982010418,1.26339085872,0.993130583121,1.01200902462,2.47180891037,13.546929
19,1403715895.08,1,13,0,5507,5458,0.991102233521,0.974959491812,7.06119290729,1.24360364202,0.9761119441,0.994810461998,2.39569711685,12.733606
20,1403715895.13,1,13,0,5620,5582,0.993238434164,1.91993840617,60.5466019619,1.20077990792,0.955011530344,0.956296145916,2.35843348503,14.598786
21,1403715895.23,1,14,0,6316,6265,0.991925269158,2.4418319782,97.0071123521,1.16190969535,0.937164112755,0.9219160676,2.26222467422,15.246292
22,1403715895.28,1,14,0,6335,6281,0.991475927388,4.45224080221,205.830720091,1.1449186706,0.918689890991,0.914293587208,2.22950291634,11.814139
23,1403715895.43,1,15,0,6810,6772,0.994419970631,0.967788269565,16.8635572062,1.15228984626,0.933056511653,0.912275671959,2.24160122871,17.751675
24,1403715895.48,1,15,0,6774,6741,0.995128432241,0.681045596528,1.38696818715,1.14924632972,0.928611846256,0.905499398708,2.22384190559,13.513272
25,1403715895.53,1,15,0,6816,6776,0.994131455399,6.55028596913,360.444995304,1.15698808427,0.935213504722,0.914464235306,2.27075433731,15.447374
26,1403715895.58,1,16,0,7295,7242,0.992734749829,1.3493518477,49.9571238245,1.15476990665,0.928895325464,0.914336919785,2.27424693108,17.71877
27,1403715895.68,1,16,0,7306,7250,0.992335067068,1.5527209774,63.2602527953,1.14393415352,0.912277887748,0.902681112289,2.25539898872,15.396204
28,1403715895.73,1,16,0,7324,7283,0.994401966139,0.699401383005,1.21441324318,1.14499600078,0.920875979858,0.898933053017,2.24925923347,13.782045
29,1403715895.88,1,17,0,7672,7632,0.994786235662,0.708392465121,1.34601724724,1.14542181889,0.922328856989,0.900766849518,2.26118993759,14.366028
30,1403715895.93,1,16,0,6980,6943,0.994699140401,0.847379349211,11.8307706573,1.14645407296,0.914982692144,0.903161883354,2.25762176514,15.803879
31,1403715895.98,1,17,0,7264,7242,0.996971365639,0.689691031611,1.12716973048,1.15284130965,0.932417607082,0.899864971638,2.27399253845,12.806238
32,1403715896.08,1,18,0,7822,7764,0.99258501662,1.96548503832,107.635877319,1.15819438829,0.931649864915,0.911333799362,2.29035329819,15.558423
33,1403715896.13,1,19,0,8211,8169,0.994884910486,1.11584696039,28.9826690098,1.1575234818,0.929423067411,0.91834551096,2.28069257736,13.942033
34,1403715896.18,1,18,0,7769,7729,0.994851332218,0.730152567157,1.31323899044,1.15111948023,0.923378952286,0.907709360123,2.26833081245,16.33475
35,1403715896.28,1,19,0,8092,8058,0.995798319328,0.737066471031,1.75808947467,1.14818353257,0.914233598056,0.911382079124,2.26506853104,19.002642
36,1403715896.33,1,19,0,8001,7969,0.996000499938,0.704620310898,1.35655801269,1.13553925471,0.919920499689,0.896012783051,2.268835783,21.74563
37,1403715896.43,1,20,0,8318,8272,0.994469824477,0.701854498774,1.33869595409,1.11662376162,0.920428994823,0.863240838051,2.25209379196,25.121148
38,1403715896.53,1,20,0,8177,8125,0.993640699523,0.698642348628,1.33730218275,1.11071192089,0.918306767596,0.859972059727,2.23251605034,16.768926
39,1403715896.63,1,20,0,7969,7935,0.995733467185,0.672484245497,1.13175407054,1.11178041335,0.921011847672,0.862208604813,2.25368690491,17.202707
40,1403715896.68,1,21,0,8176,8131,0.994496086106,1.27376450763,51.7447568153,1.10822165863,0.918420057558,0.86004203558,2.24686479568,26.102412
41,1403715896.88,1,21,0,8223,8182,0.995013985164,0.679869912266,1.25774490078,1.09764878912,0.910534237289,0.849270582199,2.21961092949,20.082603
42,1403715897.08,1,20,0,7914,7881,0.995830174375,0.687180166489,1.94344510474,1.09506029027,0.896816951333,0.851489305496,2.19254255295,19.023396
43,1403715897.13,1,20,0,7983,7952,0.99611674809,0.688140132789,1.86041926303,1.10044447034,0.899017002918,0.854179859161,2.21717333794,16.375594
44,1403715897.23,1,20,0,8081,8032,0.993936394011,0.725269020453,1.94574765396,1.10508868974,0.886327742859,0.870578169823,2.206813097,16.385771
45,1403715897.28,1,21,0,8497,8451,0.994586324585,0.722324593675,1.8299884229,1.10802132473,0.885697218092,0.874077320099,2.19355607033,18.376983
46,1403715897.33,1,21,0,8556,8511,0.994740532959,0.777357667533,3.87041899324,1.10646456896,0.890681502781,0.866155385971,2.19683074951,16.200736
47,1403715897.38,1,22,0,8883,8827,0.993695823483,0.74540056755,2.46572709344,1.1054221588,0.89206787901,0.86940318346,2.20864725113,21.739513
48,1403715897.48,1,22,0,8903,8843,0.993260698641,0.760280392899,2.89347457759,1.10643313105,0.901997755832,0.86373347044,2.21014523506,20.145289
49,1403715897.58,1,23,0,9224,9163,0.993386816999,0.787253297072,4.28138492815,1.08426266536,0.908412428221,0.832443475723,2.20263910294,23.572964
50,1403715897.68,1,24,0,9590,9516,0.99228362878,0.718983235274,1.48970146074,1.07545050915,0.913615954819,0.818708062172,2.20654463768,24.271174
51,1403715897.78,1,24,0,9551,9485,0.993089728824,0.723282008321,1.35320410818,1.09193693839,0.930999067727,0.828456640244,2.23177146912,20.971778
52,1403715897.88,1,24,0,9474,9393,0.991450284991,0.748446075236,1.81178749935,1.08878323437,0.931858840449,0.820729255676,2.20304942131,18.925637
53,1403715897.98,1,24,0,9402,9343,0.993724739417,1.5765512399,80.4310211328,1.09360491443,0.940973403889,0.82592689991,2.21167445183,18.274762
54,1403715898.08,1,25,0,9784,9717,0.993152085037,0.760497478699,2.79651925888,1.09966985905,0.944835596465,0.828237175941,2.2537946701,23.866598
55,1403715898.18,1,24,0,9323,9266,0.993886088169,0.962560227828,19.2495087175,1.09382877788,0.932496439048,0.820954680443,2.24226713181,19.440893
56,1403715898.28,1,25,0,9657,9603,0.994408201305,0.724497717861,1.36599645416,1.1014963636,0.939887047864,0.830260694027,2.26625657082,32.125276
57,1403715898.38,1,25,0,9614,9551,0.993447056376,0.761667228036,2.32893366373,1.10130988207,0.925034712813,0.843637943268,2.21505618095,32.088514
58,1403715898.48,1,26,0,9697,9647,0.994843766113,0.776549710054,3.15708434246,1.10189402131,0.917898076801,0.847429335117,2.21704053879,35.275883
59,1403715898.58,1,27,0,10027,9985,0.995811309464,0.78141633252,4.87477534735,1.10029346764,0.917990226905,0.850436151028,2.22611927986,27.25008
60,1403715898.73,1,28,0,10392,10366,0.997498075443,0.682065778529,1.13370050088,1.09208086651,0.917729323097,0.842283427715,2.1881210804,29.045919
61,1403715898.93,1,29,0,10777,10756,0.998051405772,1.16752844189,49.1185652798,1.0926665121,0.913481289492,0.841583788395,2.18643212318,30.443671
62,1403715899.18,23,6,0,5589,5579,0.998210771158,0.701303317864,1.09725158442,1.14758812516,0.951092286436,0.903020501137,2.27546882629,6.44051
63,1403715899.43,24,6,0,4965,4947,0.996374622356,0.703614486394,1.12692174074,1.15795981121,0.979221083608,0.908395171165,2.27909779549,5.200442
64,1403715899.83,24,7,0,5374,5359,0.997208783029,0.674987681586,1.00124591076,1.15593262191,0.961628459187,0.90615862608,2.28266644478,7.740422
65,1403715899.98,24,8,0,5754,5733,0.996350364964,0.696117286826,1.07106293333,1.17194537794,0.960597299446,0.919162929058,2.33058643341,6.114522
66,1403715900.18,24,9,0,6136,6118,0.997066492829,0.697270321,1.11144331905,1.17844980764,0.965315058315,0.919586658478,2.36677837372,7.887756
67,1403715900.28,24,10,0,6536,6509,0.995869033048,0.76161234906,2.84601243555,1.18387120387,0.972991792296,0.92191940546,2.37486219406,8.981053
68,1403715900.38,25,10,0,6537,6513,0.996328591097,0.712960747302,1.84348121735,1.16782753873,0.956709823953,0.908085525036,2.33692312241,11.514474
69,1403715900.48,25,11,0,6979,6957,0.996847685915,0.690941387625,1.05621003492,1.17648053605,0.964766458749,0.912042796612,2.39482307434,10.10494
70,1403715900.53,25,12,0,7304,7278,0.996440306681,0.737436677456,3.12525108013,1.1828569059,0.973533465823,0.916487753391,2.41709709167,10.730533
71,1403715900.58,25,13,0,7606,7575,0.995924270313,0.805503000708,4.90957176098,1.18857763941,0.991355388014,0.910753011703,2.42611241341,16.473093
72,1403715900.63,25,14,0,8050,7996,0.993291925466,0.867056779256,7.26822149615,1.18206674153,0.9879073078,0.900533676147,2.41414499283,11.71093
73,1403715900.68,25,15,0,8430,8393,0.995610913405,0.799597758957,6.36768491526,1.17381786891,0.980810113918,0.890050888062,2.3999812603,14.933903
74,1403715900.78,25,16,0,8851,8803,0.994576883968,0.755942734796,1.86149515494,1.17669813388,0.995262160164,0.892127871513,2.3956618309,14.666175
75,1403715900.83,25,17,0,9124,9075,0.994629548444,0.891666158979,9.1205680076,1.18122020438,0.995085089327,0.893346011639,2.40441441536,15.865168
76,1403715900.88,25,18,0,9511,9467,0.995373777731,0.772172547935,2.60021937431,1.18466621748,1.00483585524,0.890771329403,2.41798067093,16.906914
77,1403715900.93,25,19,0,9907,9853,0.99454930857,0.795634127417,2.96723390443,1.17284534741,1.00311004422,0.88560885191,2.40843319893,25.995276
78,1403715901.03,25,20,0,10306,10268,0.996312827479,0.803511483926,5.26726772581,1.16423448927,0.997460754827,0.873615801334,2.39438390732,25.571314
79,1403715901.13,25,21,0,10638,10600,0.996427899981,0.706948922489,1.28914433002,1.15579293132,0.997427945737,0.86356651783,2.36880469322,19.960648
80,1403715901.23,25,21,0,10653,10601,0.995118745893,0.792170828643,7.5267873744,1.15461615543,0.996217707968,0.862387120724,2.37844347954,20.970555
81,1403715901.33,25,21,0,10511,10471,0.996194462944,0.724654079642,1.65148888778,1.15732778673,0.9944190728,0.863153040409,2.38769817352,19.176629
82,1403715901.43,25,22,0,10662,10637,0.997655224161,0.717086569628,1.74944312021,1.16367843768,1.00277601137,0.863193154335,2.39994645119,27.830076
83,1403715901.53,25,22,0,10437,10409,0.997317236754,0.736748745323,2.1352300237,1.16822035406,0.991828511083,0.879914402962,2.41079926491,23.174435
84,1403715901.63,25,23,0,10619,10578,0.996138996139,0.725612345697,1.25425902498,1.17327254186,1.00116993139,0.883149981499,2.39433050156,20.129791
85,1403715901.73,26,23,0,9892,9839,0.994642135059,0.747885516417,1.82840339245,1.15845843987,0.996136198767,0.863494515419,2.39303517342,18.668991
86,1403715901.83,25,25,0,10964,10911,0.995165997811,1.87678928279,115.364846228,1.1880243652,1.02274113888,0.888451755047,2.43480658531,21.281572
87,1403715901.93,25,26,0,11426,11346,0.992998424646,0.835087280488,4.33850975666,1.18049990226,1.01804008992,0.883149027824,2.41138672829,29.455905
88,1403715902.03,25,27,0,11652,11571,0.993048403708,0.914629629701,14.347747395,1.16809153456,1.00552600788,0.881026923656,2.38682699203,29.388865
89,1403715902.13,25,28,0,11885,11811,0.993773664283,0.76663698878,1.57753027625,1.1639326706,0.997967117627,0.878150105476,2.37779450417,27.619627
90,1403715902.23,25,27,0,11550,11490,0.994805194805,0.840259565404,5.90920888564,1.15358020989,0.985093663444,0.877533018589,2.32853269577,26.10242
91,1403715902.33,25,28,0,11647,11571,0.993474714519,0.775216909821,1.60634903019,1.16037745485,0.998022118444,0.876321613789,2.36732649803,28.606526
92,1403715902.43,25,29,0,11777,11734,0.996348815488,0.737135222659,1.26782931893,1.1623448719,0.998060203872,0.877399325371,2.38566350937,25.613953
93,1403715902.53,25,30,0,12022,11970,0.995674596573,0.903138336557,9.5902245997,1.16311607224,0.993645034814,0.882191956043,2.36880540848,28.993851
94,1403715902.63,25,30,0,11835,11790,0.996197718631,0.764571526942,2.73117955708,1.1619988764,0.993000954079,0.885867059231,2.36032390594,27.359355
95,1403715902.73,25,31,0,12102,12053,0.995951082466,0.77891698,2.11403948031,1.16770530636,1.00394403435,0.88954180479,2.36116886139,25.913182
96,1403715902.83,25,32,0,12204,12151,0.995657161586,0.841990057524,4.43371548186,1.16666929914,0.990983186122,0.891724944115,2.36352086067,24.692822
97,1403715902.98,24,34,0,13296,13236,0.995487364621,0.779943718694,1.46926210583,1.1751565387,1.00433941491,0.89632165432,2.39523100853,28.43992
98,1403715903.28,1,59,0,19857,19783,0.996273354485,0.745940697761,1.45613465287,1.14547158376,0.967494930872,0.876717984676,2.32761979103,61.101408
99,1403715903.53,3,58,0,20261,20187,0.996347662998,0.766044210207,2.31756258384,1.14989009336,0.980919248692,0.875171124935,2.33429861069,66.321357
100,1403715903.68,11,51,0,20121,20053,0.9966204463,0.749711112759,2.18298627837,1.16029391498,0.998577302383,0.88239723444,2.34949803352,50.985523
101,1403715903.83,13,50,0,20484,20435,0.997607889084,0.746911403668,2.45208767071,1.16964016214,1.00572669394,0.888948500156,2.366137743,49.219644
102,1403715903.98,30,34,0,16192,16142,0.996912055336,1.10773838469,42.55435954,1.2207349155,1.02685609157,0.942366838455,2.4233314991,40.571492
103,1403715904.18,30,35,0,16515,16438,0.995337571904,0.781701578008,1.2700778539,1.22720245344,1.0340463113,0.947237014771,2.44938015938,39.416224
104,1403715904.33,31,35,0,16485,16427,0.996481649985,0.820766988877,3.23603469977,1.22082276125,1.02859299803,0.944392323494,2.42422008514,36.571243
105,1403715904.48,31,36,0,16828,16772,0.996672212978,0.80586854139,2.47862987003,1.2203445943,1.02382780264,0.942267537117,2.42902255058,41.720401
106,1403715904.63,31,37,0,17087,17051,0.997893135132,0.771940411842,1.61212503799,1.22055279974,1.02122757057,0.945443987846,2.41782617569,37.067213
107,1403715904.73,33,36,0,16482,16432,0.996966387574,2.34130774578,138.507026892,1.22429640118,1.02018159127,0.949697315693,2.42381095886,56.810684
108,1403715904.88,36,34,0,14710,14650,0.99592114208,3.20531362396,284.015502519,1.19940938663,0.980839441144,0.939103007317,2.35863232613,37.210787
109,1403715904.98,41,30,0,14894,14856,0.997448637035,2.87969315446,234.482555458,1.20726912213,0.987540582399,0.939979970455,2.37279057503,28.203172
110,1403715905.08,36,36,0,15154,15095,0.996106638511,0.938740252172,13.5790502943,1.20711730926,0.981946089602,0.944458842278,2.37248873711,42.106069
111,1403715905.18,45,26,0,12564,12509,0.995622413244,3.96757310659,332.269779402,1.2388151951,0.992229471064,0.976864874363,2.41862511635,28.028291
112,1403715905.28,38,33,0,14034,13971,0.995510902095,0.886488182497,5.99983420603,1.21895345887,0.988236395261,0.952071845531,2.39658761024,35.116246
113,1403715905.38,33,27,0,12835,12776,0.99540319439,0.832807552254,1.3097584512,1.22404667574,0.993872457245,0.950007200241,2.41407561302,24.624096
114,1403715905.48,34,27,0,13036,12973,0.995167229211,1.03638266164,17.6249540798,1.23019269779,0.995260107652,0.965480268002,2.41862201691,25.698229
115,1403715905.58,33,29,0,12953,12899,0.995831081603,0.890017419917,5.85494725682,1.22739137475,0.985522012637,0.965526282787,2.42279314995,30.652072
116,1403715905.68,34,20,0,10968,10947,0.998085339168,0.857630009279,1.28418737589,1.27408028671,1.00631660173,1.00755667686,2.46836805344,13.601591
117,1403715905.73,39,16,0,9962,9942,0.99799237101,4.88342047383,371.955120974,1.29784901172,1.00573829045,1.03228580952,2.49860906601,17.045778
118,1403715905.78,33,15,0,8566,8552,0.998365631567,0.905994071139,1.1309091244,1.33618518404,1.01913630505,1.07587885857,2.53644585609,9.090192
119,1403715905.83,33,15,0,8589,8570,0.997787868204,0.927191894465,1.96671092225,1.33577397317,1.01729406522,1.07479166985,2.56403684616,7.372142
120,1403715905.88,33,15,0,7759,7747,0.998453408944,1.83670114213,80.358633194,1.34591281464,1.00984397031,1.0883449316,2.58347201347,8.960287
121,1403715905.93,34,15,0,6370,6358,0.998116169545,0.984792480674,1.35144032626,1.40749550162,1.02827434375,1.1631911993,2.69807171822,5.750758
122,1403715905.98,33,15,0,7616,7606,0.99868697479,0.90890819562,1.10919603708,1.33486005964,1.00260126543,1.07547545433,2.57273030281,7.717169
123,1403715909.98,28,49,0,21803,21742,0.997202219878,0.782633610618,1.20256500219,1.20165337832,1.00997741709,0.924258291721,2.41801381111,56.427798
124,1403715910.13,12,66,0,23759,23689,0.997053748053,0.804280655177,1.29729944454,1.2130281093,1.00883484344,0.936757683754,2.43639326096,67.571465
125,1403715910.28,38,41,0,19323,19262,0.996843140299,0.825383567202,1.20233522271,1.26545117259,1.03014659106,0.993037164211,2.50655817986,47.491837
126,1403715910.43,39,41,0,19369,19305,0.996695750942,0.889898146886,4.01968147995,1.28201687773,1.03613128794,1.01213729382,2.53760075569,40.139836
127,1403715910.58,39,42,0,19719,19651,0.996551549267,0.936887624488,4.91368227468,1.28124294419,1.03576697429,1.00890362263,2.54570960999,54.821945
128,1403715910.73,38,44,0,20137,20086,0.997467348662,0.933144480415,5.42872597444,1.28496268915,1.03885730046,1.012616992,2.54964494705,52.872698
129,1403715910.88,34,49,0,20666,20614,0.9974837898,0.891791228843,4.56831304667,1.28332304691,1.03953402342,1.0094742775,2.55509328842,59.263195
130,1403715911.03,35,49,0,20771,20695,0.996341052429,1.15187006228,33.0787114376,1.27980515398,1.03375799953,1.0090585947,2.53830265999,51.638994
131,1403715911.18,35,50,0,20901,20835,0.996842256351,0.93205452678,6.05961228523,1.27759212634,1.02874091794,1.01067817211,2.52700066566,62.01753
132,1403715911.33,35,50,0,20853,20784,0.996691123579,0.859474866218,1.52506103533,1.27458253056,1.02279521589,1.0060249567,2.5240175724,72.271519
133,1403715911.48,37,49,0,18927,18875,0.997252602103,1.17006605248,39.0010324088,1.26790367901,1.01335461647,1.00364887714,2.48574376106,86.54025
134,1403715911.63,32,43,0,16351,16283,0.995841232952,16.5878230145,1429.9773935,1.23979231028,0.988623313307,0.982633769512,2.44277215004,65.4418
135,1403715911.78,32,44,0,16775,16700,0.995529061103,2.53435949583,150.891145782,1.24007044458,0.986778658131,0.983214735985,2.43172168732,57.521642
136,1403715911.93,33,44,0,17076,17003,0.995724994144,1.53439065555,71.8790748386,1.24272039335,0.986275206001,0.984248459339,2.43951272964,74.153258
137,1403715912.08,30,43,0,17069,16978,0.994668697639,6.91751206468,529.049905967,1.24761803618,0.989568548018,0.988260507584,2.45271968842,68.149354
138,1403715912.23,32,40,0,16984,16932,0.996938294866,0.91387752428,5.86277868891,1.24681332626,0.989078452549,0.988126635551,2.42753982544,47.257821
139,1403715912.38,24,42,0,17376,17309,0.996144106814,0.909572309279,2.56863919409,1.24569261482,0.994873101633,0.988118648529,2.42884707451,54.81186
140,1403715912.53,41,24,0,15575,15505,0.995505617978,3.26079604403,207.620202188,1.27786027703,1.00793275241,1.0195761919,2.48240494728,29.347382
141,1403715912.63,43,22,0,12391,12347,0.99644903559,1.10054945577,14.5512391294,1.30936951381,1.01584832473,1.05423700809,2.51320099831,25.746419
142,1403715912.73,43,23,0,12710,12661,0.996144767899,0.974787906701,2.23481750288,1.31089780834,1.01099639223,1.05962133408,2.50972771645,20.670118
143,1403715912.83,42,22,0,9817,9764,0.994601201997,1.09922631242,8.60561064397,1.32654921331,1.02596133249,1.07261478901,2.5667014122,19.62716
144,1403715912.93,42,23,0,10106,10049,0.994359786266,1.02840687228,3.82596036373,1.32016432872,1.02037786708,1.06667423248,2.55884075165,24.38436
145,1403715913.03,44,22,0,8851,8805,0.994802847136,1.08049484158,4.29402712244,1.35312855318,1.04365557943,1.09365463257,2.64178323746,20.384704
146,1403715913.13,44,23,0,9255,9221,0.996326310103,1.02000480529,3.262817189,1.34741012154,1.03652891314,1.08924007416,2.62106633186,18.451727
147,1403715913.23,45,22,0,9274,9231,0.995363381497,1.00203691303,2.69285716834,1.35056022798,1.04163471033,1.09423613548,2.62822413445,23.964413
148,1403715913.33,45,23,0,9642,9604,0.99605890894,1.53152002753,50.2185809122,1.35500983038,1.04409114777,1.09492504597,2.63949942589,24.147194
149,1403715913.43,46,16,0,7799,7764,0.99551224516,1.15102960669,9.98945098798,1.33799933606,1.02474680947,1.08471262455,2.60150980949,17.803989
150,1403715913.48,47,15,0,7173,7141,0.995538826154,1.19890975845,17.6005679365,1.33377443142,1.01425217528,1.08399307728,2.58460092545,11.887442
151,1403715913.53,47,16,0,7527,7478,0.993490102298,1.29293486612,10.747406552,1.33327302569,1.02032369028,1.08345532417,2.59579110146,16.150582
152,1403715913.58,47,17,0,7940,7893,0.994080604534,1.1944843976,20.4552149143,1.33397694385,1.02179859816,1.0892111063,2.57210373878,13.366645
153,1403715913.68,47,18,0,8565,8520,0.994746059545,0.961181847665,3.13246365137,1.33532211432,1.02385212692,1.08880138397,2.586550951,16.399049
154,1403715913.73,47,19,0,9236,9178,0.993720225206,0.957494344732,2.77534343479,1.32853109622,1.01342967423,1.08150625229,2.57993865013,18.540157
155,1403715913.83,47,20,0,9959,9917,0.995782709107,0.933858913436,3.31666278035,1.32008048189,1.01753987769,1.06802046299,2.5773601532,20.020337
156,1403715913.93,45,20,0,10027,9986,0.995911040191,0.913845766237,2.99682833968,1.324164049,1.02936320801,1.06353628635,2.61034059525,23.415254
157,1403715914.03,45,21,0,10537,10487,0.995254816361,0.927671607234,2.87222924059,1.33097750168,1.03678990227,1.06114041805,2.61579465866,24.644456
158,1403715914.13,45,21,0,10685,10635,0.995320542817,0.883686665447,1.23169244112,1.33489630977,1.04834963998,1.06406462193,2.64600753784,26.228312
159,1403715914.23,45,21,0,10728,10660,0.993661446682,1.27004473712,20.6155988101,1.33225372332,1.04507296524,1.06733894348,2.6511027813,26.946431
160,1403715914.33,46,20,0,10389,10326,0.993935893734,1.01667209399,8.42233708977,1.33115062267,1.0357060122,1.06852018833,2.64479446411,23.705451
161,1403715914.43,46,21,0,10857,10767,0.991710417242,1.71365818236,24.265952339,1.33669150801,1.04095012488,1.06940281391,2.66669273376,30.461562
162,1403715914.53,46,22,0,11282,11223,0.994770430775,0.907969118243,1.52007661948,1.34153778221,1.04435662245,1.08000290394,2.65552043915,26.463431
163,1403715914.63,46,23,0,11774,11716,0.995073891626,0.91159554446,1.51673936647,1.34688132335,1.05463072657,1.08200240135,2.68353366852,29.378601
164,1403715914.73,46,24,0,12215,12146,0.994351207532,0.931171914608,1.79509121795,1.35132312061,1.04943169054,1.08398973942,2.68846559525,26.461638
165,1403715914.83,47,24,0,12463,12394,0.994463612292,0.975681881599,4.74842502665,1.35988650042,1.05732986488,1.08670079708,2.70257401466,28.764007
166,1403715914.93,47,25,0,12884,12809,0.994178826451,0.927144671777,1.516803856,1.36091606499,1.06481319442,1.08145773411,2.70587134361,29.545476
167,1403715915.08,47,25,0,12916,12849,0.994812635491,1.1205946883,21.454539,1.35643958928,1.06869473444,1.07396280766,2.71058917046,31.775049
168,1403715915.23,47,26,0,13319,13230,0.993317816653,0.975587919192,3.79961501353,1.35678363311,1.06654795883,1.07867884636,2.71581411362,35.719028
169,1403715915.38,36,26,0,13280,13194,0.993524096386,0.983364306861,3.49137332623,1.35442173214,1.0579468434,1.0867972374,2.67270565033,32.383083
170,1403715915.48,36,27,0,13615,13522,0.993169298568,1.24627736503,20.9485505119,1.36167500671,1.06482955327,1.08760845661,2.67528533936,39.543093
171,1403715915.58,47,29,0,14547,14456,0.993744414656,1.02060026234,6.90460681489,1.36598780946,1.06585019055,1.10026657581,2.70410013199,41.972897
172,1403715915.68,47,29,0,14540,14449,0.993741403026,1.06952491392,7.63554157532,1.3582757567,1.06022337292,1.08684718609,2.68044281006,42.793031
173,1403715915.78,36,29,0,14648,14568,0.99453850355,0.973318076889,4.0726607724,1.35048863579,1.05337227816,1.08105266094,2.66887545586,41.852094
174,1403715915.93,47,31,0,15571,15486,0.99454113416,0.980993634653,3.97606870595,1.35663425587,1.06457493108,1.08154547215,2.68936777115,47.763043
175,1403715916.08,47,32,0,15970,15880,0.994364433312,1.76950295246,80.5900613714,1.35551296799,1.06855937466,1.07631623745,2.68501281738,43.489667
176,1403715916.18,47,33,0,16423,16340,0.99494611216,0.985255290213,3.70095543115,1.35753185079,1.06434864834,1.07980120182,2.69902873039,43.77423
177,1403715916.33,36,32,0,15969,15892,0.995178157681,1.16140761673,23.2634137029,1.33559715207,1.04063926479,1.065985322,2.66194987297,42.967638
178,1403715916.48,36,33,0,16293,16215,0.995212668017,1.08597130733,16.656374395,1.33458796848,1.04037303093,1.06379818916,2.6497592926,46.432996
179,1403715916.63,36,34,0,16518,16463,0.996670299068,0.949279720601,3.94753854947,1.3358010191,1.04775702472,1.06353163719,2.65469241142,47.594788
180,1403715916.78,45,38,0,17528,17452,0.995664080329,1.02534316563,11.6873009028,1.33936047387,1.05516697814,1.06209361553,2.67057871819,51.436485
181,1403715916.93,46,38,0,17486,17439,0.997312135423,0.931441597113,4.96829550215,1.33864848162,1.05513058092,1.06257092953,2.6720764637,48.402717
182,1403715917.08,48,40,0,18362,18314,0.997385905675,0.922027372427,2.34020856412,1.35341640453,1.05586670453,1.07937824726,2.68779611588,56.575716
183,1403715917.23,46,51,0,21400,21346,0.997476635514,0.933431121752,2.5625441363,1.35534354763,1.0566181015,1.08258366585,2.68547081947,61.612276
184,1403715917.38,45,53,0,21878,21824,0.997531767072,0.948710954043,2.90066412567,1.35555908442,1.06196699541,1.08075833321,2.69268107414,80.517057
185,1403715917.53,45,54,0,22236,22167,0.996896923907,1.0015865962,7.75338520483,1.35671910401,1.06503251997,1.07831823826,2.69839286804,70.677179
186,1403715917.68,45,56,0,22761,22695,0.99710030315,1.16789527783,20.4752723716,1.35822093527,1.0631629632,1.07817399502,2.70156240463,106.49244
187,1403715917.88,45,57,0,22968,22901,0.997082897945,0.931947076608,1.46362086729,1.35927159396,1.0667234691,1.08009576797,2.69891190529,76.805622
188,1403715918.08,45,57,0,23114,23071,0.99813965562,0.912635759846,1.31856895505,1.36226906807,1.07034057822,1.08095324039,2.70591807365,69.1508
189,1403715918.23,45,58,0,23498,23421,0.996723125372,1.00619856078,10.587365804,1.36396086022,1.06628900326,1.08665466309,2.70533776283,77.198769
190,1403715918.43,44,61,0,24006,23938,0.997167374823,0.9398272546,1.57604288696,1.36756334593,1.06807979972,1.08933794498,2.70604610443,73.257433
191,1403715918.58,49,57,0,23711,23652,0.997511703429,0.928575279164,1.23658703054,1.36571661432,1.06878697023,1.08761799335,2.70850157738,65.175171
192,1403715918.73,46,56,0,23563,23493,0.997029240759,1.09711565293,22.4130948475,1.36665873028,1.0720392371,1.0862095356,2.71402835846,65.661618
193,1403715918.93,47,46,0,19848,19803,0.997732769045,0.905992151292,1.18311919235,1.36712202428,1.07708852801,1.07652890682,2.7337334156,60.676959
194,1403715919.08,49,44,0,19725,19677,0.997566539924,0.906582794318,1.30588035746,1.3637929908,1.07891163096,1.07741987705,2.7217271328,57.308346
195,1403715919.48,49,55,0,23991,23903,0.996331957818,1.14024966775,21.896258729,1.37310585141,1.07437988719,1.09037101269,2.72793078423,83.520008
196,1403715919.78,51,46,0,20446,20372,0.996380710163,0.969848536982,4.24257182507,1.37148828592,1.08013118565,1.08586299419,2.7397339344,59.54665
197,1403715919.98,51,47,0,20510,20399,0.994588005851,0.973234959223,2.17557093928,1.37059142193,1.07848583656,1.08695805073,2.74056482315,81.333397
198,1403715920.18,49,50,0,21213,21150,0.997030123038,0.922636274069,1.45857510704,1.37971228118,1.08911327219,1.08936917782,2.7510163784,79.599613
199,1403715920.43,49,51,0,21850,21774,0.99652173913,0.935551731557,1.85312181798,1.38111152859,1.09020334205,1.09094953537,2.74479413033,69.43586
200,1403715920.58,49,52,0,22096,21998,0.99556480811,0.943092142917,1.80977005128,1.38331922073,1.08906602352,1.09178948402,2.75706195831,68.542902
201,1403715920.78,48,54,0,22575,22493,0.996367663344,0.966973728316,2.96220523647,1.38236108646,1.0874300892,1.09558618069,2.74616026878,78.047957
202,1403715920.98,47,61,0,24645,24563,0.996672753094,0.972166488096,2.91646032556,1.3772029285,1.0796585655,1.09314417839,2.73104548454,88.921172
203,1403715921.18,46,66,0,26552,26455,0.996346791202,0.966361782664,2.08309035291,1.3924547414,1.08445996499,1.11155033112,2.74741625786,106.061425
204,1403715921.43,44,73,0,27628,27518,0.996018531924,1.10786742952,20.6300227595,1.38908730741,1.07847848238,1.11162936687,2.73520636559,131.784707
205,1403715921.68,45,73,0,27668,27557,0.99598814515,0.972174420532,1.91135987114,1.39053403412,1.08050463061,1.11210620403,2.74769878387,105.056999
206,1403715921.93,45,72,0,27286,27186,0.99633511691,0.978696548226,2.34484556485,1.39540972282,1.09234644735,1.11091828346,2.76590895653,113.087839
207,1403715922.18,46,68,0,26641,26558,0.996884501333,0.952989461698,1.59366079686,1.39572691817,1.09500710176,1.11088609695,2.77399992943,108.014452
208,1403715922.38,63,56,0,25638,25572,0.997425696232,0.95277374408,1.255980731,1.40107754792,1.09051931154,1.11943936348,2.78263115883,62.253462
209,1403715922.53,69,51,0,24075,24010,0.997300103842,0.976802871434,1.50525127748,1.42411620651,1.09637274259,1.1426460743,2.81411886215,58.813643
210,1403715922.68,79,42,0,22036,21983,0.997594844799,0.985592483183,1.29520411492,1.41801033544,1.08988815749,1.14264881611,2.80839824677,40.763081
211,1403715922.88,77,43,0,21384,21313,0.996679760569,1.18938048614,15.6491989036,1.43028177288,1.09762122691,1.15249598026,2.82911896706,68.972649
212,1403715923.03,77,46,0,22082,22027,0.997509283579,0.992550021358,1.26835911241,1.42347024383,1.09971179487,1.14470946789,2.81877040863,49.379815
213,1403715923.28,77,46,0,22163,22076,0.996074538645,1.01986525443,1.50713172904,1.42699133838,1.09573501487,1.15512168407,2.81620693207,61.021064
214,1403715923.43,77,47,0,22258,22168,0.995956510019,1.04380918713,2.4079056014,1.4330522346,1.10060805387,1.15509521961,2.82905697823,54.410547
215,1403715923.58,85,33,0,18943,18845,0.994826585018,1.07326280578,2.2491575255,1.44055568393,1.10789205378,1.16027987003,2.84372353554,38.43538
216,1403715923.73,82,37,0,19996,19890,0.994698939788,1.05555974579,2.04787539123,1.44421318396,1.1071890846,1.16739881039,2.83793377876,36.618799
217,1403715923.88,83,37,0,20181,20073,0.994648431693,1.12841802946,4.50349364956,1.44182833994,1.10720817952,1.16374874115,2.83909010887,57.307066
218,1403715924.03,83,40,0,21230,21097,0.993735280264,1.15788655795,6.08006508788,1.46448737959,1.12379837695,1.18135344982,2.88957762718,59.519089
219,1403715924.18,85,37,0,21215,21045,0.991986801791,2.89863224824,196.104478009,1.44637514407,1.11415728624,1.16576290131,2.84557342529,54.637756
220,1403715924.33,71,54,0,26850,26667,0.993184357542,1.10155384922,3.08021741093,1.43958583364,1.1114515969,1.15452301502,2.84436058998,83.168101
221,1403715924.53,49,75,0,29936,29768,0.994388027793,1.06347509324,6.73889754584,1.42633991385,1.11425268323,1.13166260719,2.82852339745,128.645846
222,1403715924.78,46,81,0,30600,30477,0.995980392157,1.01033789592,1.93118253512,1.43669919835,1.12090130606,1.14110434055,2.84918808937,121.428154
223,1403715925.03,43,94,0,37803,37645,0.995820437531,1.01249799585,2.34751734149,1.40938194589,1.09982170922,1.12202560902,2.76438593864,159.364111
224,1403715925.33,48,89,0,38893,38716,0.995449052529,1.28389792121,38.8902705077,1.40179696406,1.09920553374,1.11414778233,2.75999116898,135.949939
225,1403715925.63,52,102,0,40665,40524,0.996532644781,1.04457825948,9.0645762753,1.37417693649,1.08453954406,1.09095871449,2.71890091896,227.101978
226,1403715926.03,84,84,0,37895,37771,0.996727800501,1.12799768316,20.7589177809,1.38544537687,1.09614082325,1.098944664,2.73620247841,123.613839
227,1403715926.28,104,64,0,29501,29389,0.996203518525,1.00554077577,3.12552044189,1.34791273096,1.06755008006,1.07362091541,2.66898465157,124.567173
228,1403715926.53,86,83,0,32412,32324,0.997284956189,0.88211577616,1.41712013843,1.28951764361,1.05252135923,1.00195670128,2.60123682022,122.218739
229,1403715926.78,70,76,0,28451,28371,0.997188148044,0.856986522975,1.43767963103,1.25491830329,1.02563347295,0.977091193199,2.5243897438,99.761905
230,1403715926.98,53,72,0,27342,27269,0.997330114842,0.833789250744,1.27003501106,1.22813390447,1.00337529687,0.957913219929,2.47996497154,78.269939
231,1403715927.28,62,45,0,20268,20214,0.997335701599,0.875868898611,2.87317478716,1.26704410094,1.03361669187,0.988645255566,2.56075382233,47.793277
232,1403715927.43,70,38,0,20156,20114,0.997916253225,1.73730469422,126.635839575,1.27674755368,1.04419154693,0.995564937592,2.59113001823,41.196664
233,1403715927.63,66,42,0,20075,20032,0.997858032379,0.881595577917,4.69827652219,1.27546349476,1.04537070637,0.992807030678,2.5913412571,67.889278
234,1403715927.78,67,42,0,20457,20422,0.998289094198,0.855314857806,2.83527744011,1.27751378497,1.04182202693,0.99788248539,2.58552074432,44.973994
235,1403715927.93,68,42,0,20242,20209,0.998369726312,0.841194752163,1.80053056116,1.27635355183,1.03619854232,1.00020229816,2.57951927185,45.374595
236,1403715928.08,68,43,0,20326,20295,0.998474859785,0.865656414551,5.15610388819,1.26930650836,1.02625840562,0.996909499168,2.55295610428,40.379631
237,1403715928.23,69,27,0,17730,17716,0.999210377891,0.785413502482,1.03490481938,1.24385336142,1.00988580456,0.979555428028,2.49394035339,31.683975
238,1403715928.33,79,18,0,14161,14140,0.99851705388,0.79304107223,1.06795860375,1.28974578701,1.03212028698,1.01976287365,2.58217477798,22.022594
239,1403715928.43,87,11,0,8429,8421,0.999050895717,0.780544885633,1.12275020544,1.35215308598,1.02872403462,1.10202300549,2.65625405312,12.235931
240,1403715928.53,81,11,0,8244,8234,0.998786996604,0.754543063089,1.03372253131,1.32643996291,1.00148773608,1.08808779716,2.58364033699,11.737621
241,1403715928.63,71,11,0,7624,7614,0.998688352571,0.743247427868,1.03643515045,1.30101420163,1.00250657336,1.05350208282,2.55578184128,11.313937
242,1403715928.73,71,12,0,8026,8016,0.99875404934,0.752112107578,1.03782744919,1.31545682241,1.00891045207,1.06755793095,2.59495735168,10.479679
243,1403715928.83,49,9,0,6737,6719,0.997328187621,0.743365396599,1.21295882944,1.30094368046,1.00562895933,1.05068898201,2.54590129852,9.201093
244,1403715928.93,49,10,0,7236,7212,0.996683250415,0.742043768712,1.14465631484,1.29879725738,1.02639821873,1.03826451302,2.53912138939,8.891606
245,1403715929.03,50,10,0,6942,6912,0.995678478825,0.758816379253,1.30824493631,1.29267127184,1.00145117899,1.04230713844,2.5272796154,8.68764
246,1403715929.13,49,12,0,7907,7876,0.996079423296,0.761975672557,1.18382452658,1.3123858278,1.00839419086,1.05606400967,2.56967949867,10.484736
247,1403715929.23,50,12,0,7684,7660,0.996876626757,0.749352364658,1.29054618259,1.30246226339,1.00178582551,1.05149829388,2.55377936363,11.243341
248,1403715929.43,49,14,0,8757,8718,0.995546420007,0.77812342087,1.22435400331,1.32797872596,1.02392053684,1.06740045547,2.6129283905,13.92361
249,1403715929.53,49,15,0,9258,9207,0.99449125081,0.80870883425,1.72729167301,1.33312668244,1.02982734219,1.07018399239,2.61120557785,16.536962
250,1403715929.73,49,16,0,9638,9581,0.99408590994,0.833275630342,1.75219065865,1.33883866707,1.03598782138,1.07499575615,2.6010658741,17.190776
251,1403715929.88,71,21,0,11903,11835,0.994287154499,0.85021939776,1.86060960702,1.35707741941,1.04470149012,1.08918654919,2.67474603653,31.601937
252,1403715929.98,81,23,0,13431,13354,0.994266994267,0.848432572683,1.39530386483,1.3722712566,1.0531853474,1.1057382822,2.66652417183,27.335094
253,1403715930.08,81,24,0,13849,13778,0.994873276049,0.849345347179,1.35707039647,1.38258334076,1.06137268404,1.1163752079,2.69461750984,30.009555
254,1403715930.18,87,26,0,14909,14812,0.993493862767,1.23181378682,26.9525677041,1.41009248511,1.07651939596,1.14134979248,2.74840259552,31.716725
255,1403715930.28,87,27,0,15268,15182,0.994367304166,0.897152084123,1.65197327162,1.41768729536,1.09328742061,1.1396843195,2.76028752327,35.138681
256,1403715930.38,87,28,0,15714,15628,0.994527173221,0.916134170695,2.69103635379,1.42040897149,1.09104629466,1.14463150501,2.76518344879,35.418857
257,1403715930.48,87,28,0,15707,15626,0.994843063602,1.03725255299,19.3537831707,1.40827638206,1.08252637572,1.1336145401,2.73397517204,31.165741
258,1403715930.68,87,29,0,16142,16067,0.995353735597,0.879630860218,1.55097029571,1.41147264889,1.08543118496,1.13691234589,2.7514424324,34.393873
259,1403715930.83,81,29,0,15965,15875,0.994362668337,0.907410926325,3.97267212907,1.39676183793,1.0791835037,1.12796533108,2.71672797203,35.949176
260,1403715930.98,81,30,0,16393,16325,0.995851888001,0.867804127037,1.54722621759,1.39895413791,1.08854562066,1.12552034855,2.71843075752,37.889104
261,1403715931.08,81,29,0,15938,15843,0.994039402685,0.872394785599,1.42855422841,1.38910914899,1.07143098085,1.12248110771,2.70784115791,34.182356
262,1403715931.18,71,29,0,15392,15322,0.995452182952,0.865195437043,2.14665081957,1.37332059553,1.07447481331,1.09719729424,2.70304083824,39.336654
263,1403715931.28,72,28,0,15016,14944,0.995205114544,0.967267513394,13.79191365,1.37235512026,1.07643740097,1.09345364571,2.71176600456,43.41671
264,1403715931.38,71,29,0,15194,15115,0.994800579176,0.856309305573,1.37477470448,1.37069604342,1.07413659613,1.09404563904,2.7021818161,37.173295
265,1403715931.48,51,28,0,14887,14816,0.995230738228,0.871940674415,2.20260832952,1.38489720199,1.08917898094,1.10175967216,2.72624468803,36.09593
266,1403715931.58,71,30,0,15575,15498,0.995056179775,2.9850528949,264.383203886,1.38294095704,1.09063046106,1.09659779072,2.72944879532,45.60146
267,1403715931.73,49,27,0,14388,14320,0.995273839311,0.969907865341,8.17706983863,1.38555219424,1.10057459466,1.09451186657,2.75727319717,29.70207
268,1403715931.83,49,28,0,14750,14693,0.99613559322,0.84441904134,1.24126844379,1.38017975812,1.10358570075,1.09016060829,2.75965547562,36.705061
269,1403715931.93,49,29,0,15143,15091,0.996566070131,0.839527458484,1.33120852225,1.37641612723,1.09619458229,1.08347260952,2.75698804855,41.355584
270,1403715932.03,49,30,0,15584,15539,0.997112422998,0.83881249655,1.56786192743,1.37278922622,1.09797714225,1.07954347134,2.73646998405,37.82689
271,1403715932.13,49,31,0,15997,15958,0.997562042883,0.816233823006,1.26584554632,1.36379813846,1.08672687597,1.07415783405,2.72309780121,37.948126
272,1403715932.28,72,35,0,17875,17845,0.998321678322,0.813971129776,1.97764034563,1.35568836711,1.07599061638,1.06877672672,2.70068192482,42.052096
273,1403715932.43,53,32,0,17162,17142,0.998834634658,0.790541938829,1.06127763089,1.34832820522,1.06912245815,1.06552004814,2.68807244301,39.811668
274,1403715932.53,51,31,0,16959,16939,0.998820685182,0.791040375417,1.1051584419,1.3446434058,1.06674905526,1.0632815361,2.68005752563,31.763289
275,1403715932.63,56,31,0,17493,17477,0.999085348425,0.793109707117,1.07220285404,1.34586625892,1.06646267943,1.06117022038,2.68714332581,32.595744
276,1403715932.73,56,32,0,17919,17892,0.998493219488,0.799649493582,1.11342132571,1.34256297816,1.06262689874,1.05891823769,2.686160326,35.700605
277,1403715932.83,77,34,0,18916,18884,0.998308310425,0.791197174279,1.09044977142,1.32966091149,1.05549455935,1.04710233212,2.65934205055,52.143491
278,1403715932.98,54,36,0,18927,18895,0.998309293602,0.815936604433,3.00697459965,1.32907817976,1.04766004572,1.05444216728,2.64437603951,53.831595
279,1403715933.13,51,40,0,19308,19250,0.996996063808,0.836894128937,2.0024159004,1.33116530177,1.04338859953,1.05863296986,2.64425253868,62.638338
280,1403715933.28,49,39,0,18643,18578,0.996513436679,0.844487713928,1.71500029906,1.33502081247,1.04346685083,1.06068706512,2.64796066284,50.320956
281,1403715933.43,51,41,0,19476,19395,0.99584103512,0.870532883324,2.61945883474,1.35379065712,1.05958582144,1.07571804523,2.67792224884,53.133946
282,1403715933.58,71,44,0,20590,20512,0.996211753278,0.85938559741,1.30143224292,1.36137278597,1.06790886709,1.07900393009,2.69728946686,59.301844
283,1403715933.73,74,41,0,20374,20299,0.996318837734,0.864495034129,1.26625290313,1.36820431097,1.07203292305,1.08524417877,2.7013604641,43.768884
284,1403715933.88,70,41,0,20272,20180,0.9954617206,0.887151243452,2.06239399774,1.36868768539,1.07412128486,1.08548498154,2.69413042068,51.754137
285,1403715934.03,49,40,0,18526,18447,0.995735722768,0.925164637588,6.06475700178,1.37256987556,1.06806746601,1.09384715557,2.70112323761,50.07016
286,1403715934.18,51,43,0,19692,19607,0.995683526305,0.89707272669,1.47334718945,1.38425776107,1.06481978182,1.11110007763,2.71419858932,58.974115
287,1403715934.33,78,38,0,19682,19639,0.997815262677,0.87177519167,1.18559634231,1.38193476455,1.05900198241,1.1139831543,2.70364999771,46.457717
288,1403715934.48,73,22,0,18051,18002,0.997285468949,0.894536203012,1.42210377717,1.39276702831,1.06452949107,1.12450480461,2.71536278725,24.008949
289,1403715934.73,51,14,0,11449,11423,0.997729059306,0.855474227495,1.17071348581,1.34016421216,1.030831339,1.07518279552,2.60104012489,13.754448
290,1403715934.88,75,21,0,18206,18176,0.998352191585,0.855673324632,1.14872487829,1.371529278,1.05409861489,1.10567355156,2.67943668365,21.129401
291,1403715934.98,84,35,0,20703,20658,0.997826401971,0.87343891324,1.77769448657,1.36961050376,1.054219052,1.10284781456,2.68839526176,57.671981
292,1403715935.13,71,49,0,21731,21652,0.996364640376,0.885598167054,1.24701873534,1.37177398656,1.05080786866,1.10505950451,2.67608451843,69.640832
293,1403715935.53,81,50,0,22658,22560,0.995674816842,0.967234407486,5.28555140791,1.38002373206,1.05183487767,1.11483168602,2.6813750267,66.632757
294,1403715935.68,84,48,0,23062,22975,0.996227560489,0.904212471414,2.21392945364,1.3843220605,1.05526991069,1.11671376228,2.68468523026,58.608466
295,1403715935.83,85,47,0,22717,22619,0.995686050095,0.920545803599,1.69805265416,1.38922277182,1.06046679407,1.12198221684,2.69602656364,75.977135
296,1403715936.08,74,48,0,22427,22317,0.995095197753,0.969918895727,4.51353962475,1.38616820447,1.06652447138,1.11544787884,2.7086482048,61.908001
297,1403715936.23,71,52,0,22960,22845,0.994991289199,0.944345056389,1.95003994048,1.39307340476,1.06784505008,1.12265563011,2.70043444633,83.167211
298,1403715936.43,71,53,0,23302,23223,0.99660973307,0.937750483307,2.04476600093,1.39675422515,1.07041137799,1.12532389164,2.71170568466,72.376153
299,1403715936.63,71,53,0,23318,23239,0.996612059353,0.921247556884,1.583306171,1.39332086623,1.06880166293,1.12545633316,2.71044135094,80.758549
300,1403715937.38,85,57,0,27220,27097,0.995481263777,0.928276705581,1.58773744324,1.39207547248,1.0768713813,1.12019872665,2.71043300629,85.808214
301,1403715937.58,77,66,0,32819,32700,0.996374051616,0.929782649608,2.41363471193,1.36543617956,1.06464221665,1.09076118469,2.672529459,109.408316
302,1403715937.83,82,77,0,37112,36988,0.996658762664,0.901917666852,1.38240043397,1.34986942693,1.06474406821,1.07284414768,2.66827368736,127.87627
303,1403715938.13,85,74,0,37048,36963,0.997705679119,0.9201559489,6.96226829697,1.34489183614,1.0641644833,1.06343221664,2.66111493111,102.638923
304,1403715938.38,85,75,0,37630,37537,0.997528567632,0.917629353773,4.07357464756,1.34384985155,1.05978237075,1.06461369991,2.65720033646,107.84472
305,1403715938.63,77,84,0,39285,39197,0.997759959272,0.877339980718,1.24923943064,1.33385694313,1.05081010261,1.05818986893,2.63177204132,121.486246
306,1403715938.93,79,82,0,39348,39259,0.997738131544,0.87883157144,1.32893924134,1.33501443296,1.05260995285,1.05964124203,2.63630151749,146.918114
307,1403715939.23,92,69,0,38779,38672,0.997240774646,0.961415456404,8.42723781436,1.34246872295,1.05181196836,1.06891322136,2.64425706863,98.996103
308,1403715939.48,87,75,0,39154,39049,0.997318281657,0.936797924798,3.42483660567,1.3438613353,1.0511438936,1.0700956583,2.64458274841,157.243229
309,1403715939.78,87,76,0,39193,39129,0.998367055342,0.882469777476,1.61650400536,1.3438802084,1.04854441063,1.07221674919,2.64402031898,116.900733
310,1403715940.23,86,77,0,39626,39508,0.99702215717,0.935696013284,3.33287974899,1.34481087338,1.04726408171,1.07195210457,2.64691543579,117.794185
311,1403715940.53,95,69,0,39383,39292,0.997689358353,0.930506557249,3.12331974164,1.35437897992,1.05544759122,1.07957303524,2.66509175301,124.85888
312,1403715940.83,105,59,0,37814,37739,0.998016607606,0.894265832105,1.32775799871,1.36829414226,1.06477885493,1.09135854244,2.68615245819,90.312772
313,1403715941.08,95,70,0,39702,39533,0.995743287492,1.05492340747,10.4261043213,1.36352463068,1.061370739,1.08679938316,2.68298482895,106.087398
314,1403715941.33,95,70,0,38621,38548,0.998109836617,0.919067972801,2.74190555562,1.36037326205,1.0601254263,1.08595097065,2.6762034893,141.560806
315,1403715941.63,112,54,0,31525,31483,0.998667724029,0.919991028437,5.24439513634,1.32592388302,1.02682741969,1.06111645699,2.60855031013,70.710157
316,1403715941.93,128,39,0,28241,28214,0.999043943203,0.865875223416,1.15772022843,1.31688747882,1.02295761652,1.05433607101,2.59033918381,49.082027
317,1403715942.08,110,58,0,34315,34276,0.998863470785,0.97666293273,16.4129113949,1.34885965332,1.04337690415,1.079677701,2.65608596802,109.567179
318,1403715942.33,88,81,0,41055,40951,0.997466812812,0.921034443527,1.9841597031,1.36207738235,1.0599662516,1.08818984032,2.68120336533,151.499402
319,1403715942.63,105,65,0,39583,39473,0.99722102923,0.920498364236,1.6077629052,1.379877643,1.0737594562,1.0995118618,2.71370220184,107.239079
320,1403715942.93,113,57,0,37874,37782,0.997570892961,0.976284082579,10.0827010908,1.39282203693,1.08269194451,1.11036133766,2.73013973236,88.693841
321,1403715943.23,108,63,0,39014,38913,0.997411185728,0.936777322558,3.51171086179,1.39267972282,1.08153361235,1.11210072041,2.73102021217,98.922202
322,1403715943.48,86,84,0,41570,41452,0.997161414482,0.914862670982,1.39162881606,1.37208983905,1.0682664945,1.09690892696,2.6944963932,139.459059
323,1403715943.88,91,79,0,40513,40427,0.997877224595,0.909014267438,1.60418859512,1.3738061415,1.06902596164,1.0976998806,2.69427967072,152.209253
324,1403715944.23,89,82,0,41619,41457,0.996107547034,0.970846629961,5.7236625923,1.37585337689,1.07030313958,1.09857463837,2.69182372093,141.697132
325,1403715944.53,112,60,0,38820,38719,0.997398248326,0.93856064253,4.56934431261,1.39427770313,1.08074567669,1.1131991148,2.72721147537,95.33652
326,1403715944.78,109,80,0,45576,45457,0.997388976654,0.904029926117,1.57845535565,1.34671243128,1.05236678259,1.07249164581,2.65383887291,122.904026
327,1403715945.08,112,101,0,46531,46364,0.996410994821,0.92516334862,2.06915385874,1.33435779969,1.03709528107,1.06720817089,2.63156175613,202.746546
328,1403715945.48,115,99,0,42364,42241,0.997096591446,0.90003928852,1.44484322909,1.31428848532,1.02727144594,1.04849076271,2.59265089035,182.603311
329,1403715945.83,111,103,0,45493,45334,0.996504956807,0.936217667084,2.50381180044,1.33566467854,1.04068251842,1.06635141373,2.63470649719,173.8197
330,1403715946.18,122,93,0,46743,46610,0.997154654173,0.921001021565,1.59090483871,1.34793567969,1.0485990299,1.07623791695,2.6520652771,179.290435
331,1403715946.53,111,104,0,44649,44464,0.995856570136,0.930994634772,1.63579338171,1.33202919514,1.0355363371,1.06705451012,2.63121986389,201.683453
332,1403715946.93,149,90,0,41141,41046,0.997690867991,0.940763410237,3.43565038778,1.33621480917,1.04566838871,1.06754052639,2.63706588745,127.969023
333,1403715947.23,186,52,0,34123,34030,0.997274565542,0.982686132323,1.7376528027,1.38711380641,1.06482455195,1.11942863464,2.72320389748,83.442929
334,1403715947.68,133,106,0,45823,45665,0.996551949894,0.961809144478,6.44621560926,1.33879667752,1.04338465028,1.07128536701,2.64762377739,185.742565
335,1403715948.08,132,84,0,44000,43871,0.997068181818,1.32079160747,56.1257739034,1.35679583608,1.05353195684,1.08607578278,2.67569494247,155.370548
336,1403715948.43,126,91,0,43703,43567,0.996888085486,0.955162547344,3.94670265086,1.34652919171,1.04548713163,1.07729637623,2.66495919228,144.798578
337,1403715948.83,154,87,0,41020,40907,0.997245246221,0.948095302694,1.72818296176,1.34931449845,1.05463178257,1.07749307156,2.67285561562,133.454794
338,1403715949.13,165,76,0,38195,38072,0.996779683205,0.973613685798,1.45646959049,1.37241789858,1.0590102086,1.1053403616,2.70500040054,127.558278
339,1403715949.43,165,75,0,36526,36410,0.996824180036,1.01399521317,3.01379125681,1.39600751724,1.06347255226,1.13375544548,2.72563195229,110.573399
340,1403715949.73,150,68,0,35370,35256,0.996776929601,0.97682819039,1.38327901409,1.3821345058,1.04839862083,1.12206554413,2.69824957848,97.093812
341,1403715950.03,174,66,0,34823,34724,0.997157051374,0.99300658044,1.85842300145,1.39472463493,1.0639908686,1.12750732899,2.7262635231,97.159056
342,1403715950.28,156,75,0,36729,36594,0.996324430287,1.0470252187,3.74429639752,1.41275689355,1.07639916958,1.14640939236,2.75632357597,94.011261
343,1403715950.53,161,71,0,35352,35249,0.997086444897,1.05369540205,4.25477644344,1.41508193374,1.07623234164,1.14798748493,2.76265478134,100.389322
344,1403715950.78,149,54,0,30120,30047,0.997576361222,1.02648613383,1.86571091649,1.42114924592,1.08492402101,1.15101659298,2.77146577835,65.352834
345,1403715950.98,155,49,0,26444,26354,0.996596581455,1.09906662955,7.12599781869,1.43916253858,1.08478552222,1.17527115345,2.79017925262,74.348802
346,1403715951.18,158,77,0,35629,35493,0.996182884729,1.07031186412,2.63101023984,1.42046567763,1.0706119691,1.15825724602,2.75682353973,153.335524
347,1403715951.53,156,78,0,37476,37351,0.996664531967,1.03687765592,1.7621587514,1.42584745259,1.0753186827,1.16162800789,2.76685357094,122.079009
348,1403715951.83,156,79,0,38078,37965,0.997032407164,1.0359750995,2.00173054648,1.42975081043,1.08017558966,1.16397595406,2.7776966095,142.310572
349,1403715952.13,120,89,0,42685,42540,0.996603022139,1.17187678514,13.9831243672,1.4605190771,1.11035080992,1.18400907516,2.84851193428,158.608144
350,1403715952.48,117,87,0,40611,40498,0.997217502647,1.07241682089,2.87056692795,1.46917119927,1.10873585584,1.19233596325,2.85641598701,172.158911
351,1403715952.83,153,52,0,33418,33303,0.996558740798,1.30473286808,23.0732521933,1.4798611687,1.11137395223,1.20390117168,2.86809587479,63.46383
352,1403715953.08,124,82,0,39554,39422,0.99666279011,1.08319590478,2.86806121031,1.47110517934,1.10838783026,1.19385647774,2.86279630661,133.055277
353,1403715953.38,100,108,0,48177,48034,0.99703177865,1.11650320746,8.61082260497,1.45425638422,1.11051034214,1.17228960991,2.85006785393,215.426613
354,1403715953.78,169,55,0,37578,37492,0.997711426899,1.02362322251,1.29565841978,1.45602113689,1.1068005531,1.17639791965,2.84037899971,76.620003
355,1403715954.03,123,84,0,42793,42664,0.996985488281,1.0224478328,1.55071760331,1.44728738953,1.10859609492,1.16543674469,2.84062147141,125.550795
356,1403715954.33,120,86,0,43610,43484,0.997110754414,1.04112371503,2.54274622426,1.45079348449,1.1063122285,1.16771161556,2.84415626526,132.375738
357,1403715954.63,124,77,0,37707,37590,0.996897127854,1.11600703206,5.99668017556,1.45986149828,1.1016149401,1.18175947666,2.84516382217,113.76841
358,1403715954.88,123,79,0,37998,37881,0.996920890573,1.121524571,10.8694690497,1.46165823186,1.09846649293,1.18507242203,2.83969068527,139.187252
359,1403715955.18,120,83,0,40891,40702,0.995377956029,1.17607749463,7.05927235938,1.46669827429,1.10383175701,1.18783998489,2.85977458954,154.537042
360,1403715955.53,102,101,0,42766,42615,0.996469157742,1.09025313153,5.88644685163,1.42909647208,1.0976761637,1.14602065086,2.80979704857,302.801749
361,1403715956.03,101,101,0,41457,41256,0.995151602866,1.11584440618,5.69160852872,1.46899635808,1.11356321823,1.18462216854,2.87065076828,233.431571
362,1403715956.43,76,94,0,36758,36598,0.99564720605,1.08741573634,3.09301979214,1.48132601458,1.11880442044,1.1974401474,2.89201045036,197.018858
363,1403715956.78,70,88,0,35212,35108,0.997046461434,1.05570616753,1.5157182776,1.47835306371,1.11844764842,1.19441318512,2.89508724213,143.305183
364,1403715957.28,75,96,0,38037,37872,0.995662118464,1.1710464015,13.9795297301,1.48900015046,1.13145082184,1.20102274418,2.92396116257,200.909785
365,1403715957.63,106,54,0,30221,30132,0.997055027961,1.25605490753,32.2810065751,1.49150302495,1.14443626309,1.19535005093,2.94920349121,85.293651
366,1403715957.93,85,76,0,32370,32245,0.996138399753,1.12259483488,6.48773394909,1.50170157148,1.14863711402,1.20775699615,2.96163868904,177.325389
367,1403715958.23,85,76,0,34433,34306,0.996311677751,1.08824118085,2.62820330806,1.50380779197,1.14350692828,1.21252417564,2.95700407028,116.182494
368,1403715958.48,103,46,0,26035,25942,0.996427885539,1.0796843912,1.63373313388,1.51612755342,1.1625240655,1.21888244152,2.98261928558,70.456728
369,1403715958.73,77,47,0,25127,25039,0.996497791221,1.06318554032,2.25067703374,1.49883636988,1.15259919272,1.20055532455,2.95539593697,86.827173
370,1403715958.93,82,43,0,24066,23970,0.996010969833,1.07696348911,2.15815562704,1.50594651872,1.1561386761,1.21164488792,2.96098089218,70.911139
371,1403715959.13,80,51,0,25477,25402,0.997056168309,1.05591410722,1.91767479866,1.49881506436,1.14862226711,1.20666944981,2.94894051552,62.887965
372,1403715959.33,80,51,0,25278,25183,0.996241791281,1.06751126408,1.77622929276,1.49561059022,1.14302214299,1.20182025433,2.94518613815,75.155769
373,1403715959.53,83,29,0,18581,18562,0.998977450083,0.993923706269,2.05874617342,1.48661419049,1.1389693442,1.19898748398,2.94155669212,33.228591
374,1403715959.78,81,32,0,19437,19391,0.997633379637,1.02557350837,2.75434033819,1.49721522778,1.143289326,1.20340168476,2.95766305923,42.037212
375,1403715959.93,84,39,0,21802,21674,0.994128978993,1.10259779941,2.79607242497,1.51840980306,1.15139728453,1.22285878658,2.99291133881,76.231886
376,1403715960.23,78,38,0,21428,21341,0.99593989173,1.06210261563,2.0766223452,1.51693661108,1.15705834978,1.2219452858,2.98862218857,83.046041
377,1403715960.43,80,37,0,21420,21331,0.995845004669,1.06518490212,2.20332992068,1.51551538178,1.15350076998,1.22107052803,2.99271035194,48.562114
378,1403715960.58,79,39,0,21849,21779,0.996796192045,1.12580508971,10.8711260922,1.51537958571,1.15149686575,1.22252368927,2.99280524254,51.463657
379,1403715960.73,78,41,0,22785,22708,0.996620583717,1.04195861549,1.61565142976,1.51425889096,1.15204760357,1.22420990467,2.987231493,75.844322
380,1403715960.93,84,44,0,23708,23608,0.99578201451,1.10187831468,5.57592198072,1.51838977942,1.15143293017,1.22858393192,2.98011016846,77.561026
381,1403715961.13,83,46,0,24149,24079,0.997101329248,1.05429554152,2.29905214822,1.51352172288,1.14644636167,1.22512578964,2.96809434891,64.983991
382,1403715961.33,81,40,0,22319,22281,0.998297414759,1.00170296493,1.29385590141,1.49523352374,1.1407007173,1.20593607426,2.94691181183,49.572113
383,1403715961.48,79,43,0,23495,23392,0.995616088529,1.04389556396,1.42734408496,1.50487843799,1.14599459711,1.21562612057,2.94818162918,69.43988
384,1403715961.68,82,41,0,23242,23145,0.995826520953,1.03865266212,1.42187884746,1.50587300205,1.14033659213,1.21898257732,2.94504880905,68.629966
385,1403715961.88,82,42,0,23468,23408,0.997443327084,1.02382090925,1.29690969304,1.5073392377,1.14245126754,1.22013366222,2.94074869156,67.551917
386,1403715962.08,87,37,0,22812,22772,0.99824653691,1.01617538322,1.51695514563,1.50404895598,1.1389284176,1.22018313408,2.93683576584,53.285772
387,1403715962.23,90,35,0,22604,22570,0.998495841444,1.01538579945,1.35932732454,1.50909145105,1.1397902304,1.22380387783,2.94781827927,58.932786
388,1403715962.38,96,22,0,17774,17746,0.998424665241,0.978071257168,1.6020911313,1.498213017,1.13681389359,1.20922660828,2.93148589134,33.848805
389,1403715962.48,102,25,0,19873,19830,0.997836260253,1.00394044073,1.37018453839,1.51993790876,1.14661524161,1.23187088966,2.975263834,42.998391
390,1403715962.63,97,22,0,14968,14927,0.997260823089,1.00352727728,1.68585993355,1.53508486536,1.1453375178,1.25588142872,2.97634077072,28.492424
391,1403715962.93,97,23,0,15203,15157,0.996974281392,1.01734972719,2.34309256051,1.54098442399,1.148178183,1.25848281384,3.00369405746,33.606597
392,1403715963.08,81,22,0,13765,13727,0.997239375227,0.991085350548,1.45393650096,1.51897613039,1.13225204137,1.23617768288,2.95541286469,23.990437
393,1403715963.18,87,17,0,13744,13715,0.997889988359,0.968337980779,1.20632310066,1.51407083573,1.14213128272,1.23275721073,2.95963048935,27.534556
394,1403715963.28,90,13,0,11459,11445,0.998778252902,0.937082597383,1.12616240134,1.51393307658,1.14223580546,1.2320151329,2.97469234467,16.29384
395,1403715963.38,91,13,0,11321,11302,0.99832170303,0.949845978061,1.14228404342,1.52794923892,1.14039905838,1.24782180786,2.9974861145,14.152274
396,1403715963.48,90,15,0,12076,12037,0.996770453793,0.965786591818,1.29682410201,1.52192106119,1.13791465128,1.24644327164,2.96857666969,20.339295
397,1403715963.68,88,18,0,12961,12927,0.997376745621,0.952261768623,1.29797857444,1.49795271176,1.11280221037,1.22967863083,2.8980410099,19.079799
398,1403715964.08,82,25,0,14461,14419,0.99709563654,0.964410589802,2.09138508626,1.48163931357,1.10090001075,1.21169495583,2.87122964859,27.439047
399,1403715964.23,90,18,0,13239,13205,0.997431830199,0.945500731914,1.19930543434,1.50687453193,1.11960711894,1.23588991165,2.93259429932,17.047821
400,1403715964.33,90,19,0,13648,13617,0.997728604924,0.941545614547,1.21836598787,1.50260280117,1.11392063595,1.22810208797,2.90982699394,15.079732
401,1403715964.73,90,20,0,14247,14204,0.996981820734,0.942611427565,1.44765186267,1.48715206741,1.10637606136,1.21479570866,2.88719272614,18.219841
402,1403715964.83,88,23,0,15291,15245,0.996991694461,0.93456832623,1.41626597292,1.46599308605,1.0971911278,1.19499874115,2.84254837036,28.989297
403,1403715964.93,82,30,0,16887,16842,0.997335228282,0.928965091976,1.42889396896,1.44779208233,1.08709098106,1.17075300217,2.80910253525,41.076052
404,1403715965.08,82,31,0,17268,17226,0.997567755386,0.915125818726,1.48417096492,1.44037359923,1.08184549002,1.16856300831,2.79376173019,44.796739
405,1403715965.28,82,32,0,17766,17715,0.997129348193,0.930097065895,2.49313412875,1.44042210756,1.07878878706,1.16717302799,2.78980493546,43.857239
406,1403715965.43,87,28,0,17359,17309,0.997119649749,0.918059718837,1.23430101075,1.44756091326,1.08349562691,1.18165445328,2.79699969292,31.032535
407,1403715965.53,90,26,0,17142,17092,0.997083187493,0.92574014072,1.39498296959,1.45657328889,1.0888819256,1.19418990612,2.82994604111,27.059825
408,1403715965.68,90,27,0,17732,17657,0.995770358674,0.941994656814,1.77782134333,1.45102738608,1.07530647524,1.19225823879,2.79760241508,34.112028
409,1403715965.78,85,33,0,19511,19420,0.995335964328,0.982708967014,4.38131481319,1.44668847166,1.06437713486,1.18709146976,2.79003453255,37.838992
410,1403715965.93,82,36,0,19809,19726,0.99580998536,3.70203971321,385.742030627,1.43959091161,1.06226649285,1.1798350811,2.76724457741,48.037334
411,1403715966.08,65,34,0,19214,19161,0.997241594671,0.924817281318,1.30888184894,1.42261079178,1.05714435642,1.16263020039,2.73895597458,50.286451
412,1403715966.23,67,33,0,19488,19422,0.996613300493,0.955749520685,2.13109253493,1.42188446512,1.05658237624,1.16261792183,2.73560142517,48.950309
413,1403715966.48,64,37,0,19919,19846,0.996335157387,0.954784728008,1.60957123273,1.43185766222,1.05360398482,1.17937409878,2.7520840168,57.250894
414,1403715966.63,82,39,0,20840,20748,0.995585412668,0.972871140102,1.53268793757,1.44863052694,1.06171478361,1.19799542427,2.7762503624,50.969594
415,1403715966.78,88,34,0,20134,20034,0.995033277044,0.994756543279,1.88253853322,1.46491605272,1.06687746214,1.21231985092,2.79970574379,45.767938
416,1403715966.93,89,34,0,20437,20335,0.995009052209,1.00074723703,1.65893101218,1.46911665423,1.06929379828,1.22029066086,2.81047677994,42.177997
417,1403715967.08,83,40,0,21591,21489,0.995275809365,1.00106649789,1.76031688676,1.45970479429,1.0634249979,1.2084043026,2.79118442535,50.229596
418,1403715967.23,83,41,0,22172,22072,0.995489806964,1.07356645017,7.93423585322,1.46097673655,1.06453884429,1.20906436443,2.79152965546,55.709398
419,1403715967.38,68,36,0,20929,20857,0.99655979741,0.987525059141,1.82319708569,1.45456958951,1.06357253238,1.20107996464,2.79047179222,56.366853
420,1403715967.53,68,36,0,20880,20811,0.996695402299,0.981184192653,2.10876347324,1.44888562792,1.064277584,1.19766390324,2.79145932198,53.501779
421,1403715967.68,62,38,0,20825,20739,0.995870348139,1.19712513436,21.9346464179,1.45145362991,1.06741518613,1.2006560564,2.78228592873,57.736954
422,1403715967.83,62,39,0,21076,20990,0.995919529322,0.995624497162,3.54246668075,1.45473521906,1.06240520517,1.20770919323,2.78330278397,58.722571
423,1403715967.98,64,38,0,20354,20272,0.995971307851,0.990788824622,1.50713314672,1.46387486859,1.067583186,1.21576559544,2.80069804192,57.678123
424,1403715968.13,67,36,0,20368,20305,0.996906912804,0.976625476096,1.38074861339,1.46724279615,1.07153765698,1.21519827843,2.80347061157,55.162305
425,1403715968.33,68,35,0,19619,19543,0.99612620419,1.00292960262,2.2226867272,1.46614466608,1.07606538233,1.21291196346,2.80226922035,48.183448
426,1403715968.53,66,38,0,20807,20727,0.996155140097,0.980130398345,1.6652228137,1.4577744483,1.06916503295,1.20902693272,2.77647519112,58.553314
427,1403715968.68,64,40,0,21051,20996,0.997387297516,0.939496424931,1.21733237084,1.44316773573,1.06125526966,1.19315171242,2.75092387199,58.784414
428,1403715968.83,65,38,0,20962,20907,0.997376204561,0.936679557447,1.33708848803,1.42607186813,1.05073349912,1.17955112457,2.72446393967,60.601097
429,1403715968.98,46,38,0,20583,20506,0.99625904873,0.950032274852,1.45467759016,1.41726517875,1.04911451185,1.17084908485,2.70364260674,60.502847
430,1403715969.13,64,42,0,21852,21722,0.994050887791,1.02460154212,2.62550849512,1.44837582676,1.06840885479,1.19483649731,2.76556944847,58.474712
431,1403715969.28,68,39,0,21300,21193,0.994976525822,1.04940132855,9.65737393921,1.46207047377,1.07351126603,1.21076011658,2.78287649155,54.433325
432,1403715969.43,74,40,0,21069,21021,0.997721771323,0.957523555212,1.2839822685,1.46634824557,1.07796715702,1.2139172554,2.7957174778,44.94476
433,1403715969.58,77,37,0,20723,20672,0.997538966366,0.941466243669,1.24569243758,1.45857902887,1.07278654594,1.20658028126,2.78769445419,39.498971
434,1403715969.98,67,41,0,21518,21416,0.995259782508,0.987268504213,1.40945239587,1.47000597201,1.07587235012,1.22185730934,2.80226230621,61.253221
435,1403715970.13,68,39,0,21039,20928,0.994724083844,1.00088201382,1.92095457415,1.46590207387,1.07479060678,1.22103404999,2.78874993324,59.460557
436,1403715970.28,68,40,0,21220,21132,0.995852968897,1.07972827776,8.10327217788,1.45685824494,1.06792750287,1.20984947681,2.77537703514,61.745683
437,1403715970.43,49,38,0,20275,20192,0.995906288533,0.97789444574,1.45020389579,1.44686076258,1.06717641169,1.19871461391,2.75083827972,66.428303
438,1403715970.58,35,37,0,17649,17541,0.993880673126,1.06071784464,5.54987441715,1.40808384086,1.04839603923,1.16602218151,2.6792538166,55.995773
439,1403715970.73,33,37,0,17512,17394,0.993261763362,1.05039551351,3.58775080844,1.4146114725,1.05208148523,1.16667485237,2.68036675453,52.38631
440,1403715970.88,31,37,0,17096,17025,0.99584698175,0.995634585973,2.99643829344,1.41029615923,1.04615749507,1.16226530075,2.67120814323,45.191137
441,1403715971.03,36,33,0,17143,17097,0.997316689028,0.967601210303,1.90673882856,1.40669150649,1.04292427194,1.16196250916,2.66803812981,37.892682
442,1403715971.28,31,39,0,18098,18015,0.995413857885,0.975854138849,1.49372276427,1.40256750644,1.04548773297,1.15909016132,2.66315364838,49.997706
443,1403715971.43,33,40,0,18836,18711,0.993363771501,1.01958548587,2.56391295766,1.41289164296,1.04686951072,1.16464078426,2.69872450829,59.274788
444,1403715971.58,33,41,0,19122,18999,0.99356761845,1.01117260605,1.5450927278,1.42183957145,1.05123158579,1.17452657223,2.72156953812,75.242212
445,1403715971.73,24,34,0,17841,17746,0.994675186368,1.04288330652,4.36314432374,1.42184478792,1.04982951619,1.17857134342,2.71636080742,50.684468
446,1403715971.88,27,31,0,17314,17259,0.996823379924,1.02692058541,6.0149176951,1.4137824515,1.04490235129,1.16947138309,2.69587278366,45.756975
447,1403715972.03,27,31,0,17593,17534,0.996646393452,0.996813686382,2.33050214326,1.40523889607,1.03731093302,1.16143870354,2.68119430542,51.110032
448,1403715972.18,27,32,0,18102,18076,0.998563694619,0.935312625896,1.35079040779,1.3933398489,1.03024111876,1.14953517914,2.6597430706,43.815348
449,1403715972.33,29,31,0,18473,18444,0.998430141287,0.926179551149,1.23945603341,1.38487647463,1.02942288718,1.1400564909,2.64854979515,52.073258
450,1403715972.73,134,114,0,59968,59033,0.984408351121,1.17002802347,2.75717579054,1.45746484946,1.08449464687,1.19615876675,2.8102517128,349.431013
451,1403715974.38,128,131,0,60377,60104,0.995478410653,0.971914741876,1.39835862624,1.4187124848,1.07441725469,1.15322268009,2.76112866402,378.04642
452,1403715975.03,119,137,0,59968,59758,0.996498132337,1.05237710892,10.7953051293,1.42130237402,1.07934456272,1.15349328518,2.77275323868,422.318804
453,1403715975.73,122,135,0,60045,59776,0.995520026647,0.973463807689,3.88276014063,1.3961622585,1.06763547346,1.12662768364,2.72037363052,386.381584
454,1403715976.53,118,122,0,56719,56507,0.996262275428,1.02787956263,8.89151088497,1.39502222015,1.06172756964,1.13071918488,2.71147751808,542.860502
455,1403715977.28,113,129,0,59177,59028,0.997482129882,0.932308020666,2.10220422608,1.39440417979,1.06562335482,1.12502098083,2.7169110775,305.305227
456,1403715977.83,128,112,0,58883,58689,0.99670533091,0.980713667503,7.32045437856,1.40461564996,1.06439322779,1.13500785828,2.73771548271,293.415261
457,1403715978.38,150,94,0,51417,51290,0.997529999806,0.944379580167,2.76185017548,1.38542081909,1.067352713,1.10750520229,2.72980499268,170.608816
458,1403715978.78,186,86,0,41833,41714,0.99715535582,0.942956723007,2.00252470125,1.35219750668,1.03981602178,1.08293020725,2.66488862038,156.370044
459,1403715979.13,192,76,0,36656,36539,0.996808162375,1.02298313365,2.09499385941,1.44215874012,1.08851118072,1.16745316982,2.81611943245,116.89134
460,1403715979.43,165,80,0,36444,36351,0.997448139611,1.0590808592,3.05323832802,1.46207679697,1.10470594166,1.18735420704,2.84952783585,142.130703
461,1403715979.73,165,76,0,37894,37739,0.995909642687,1.10534140505,2.82960962683,1.49905452509,1.11917219018,1.22752952576,2.90700483322,109.153491
462,1403715979.98,150,92,0,44001,43843,0.996409172519,1.1240551235,5.16492379328,1.49706559823,1.11466982057,1.22382569313,2.88762640953,167.233067
463,1403715980.33,107,87,0,39641,39487,0.996115133322,1.11973505233,3.24452359995,1.50001278174,1.12233631632,1.2242462635,2.90040397644,166.506241
464,1403715980.68,118,108,0,42443,42237,0.995146431685,1.12723545983,3.59139127997,1.49825581062,1.1238630332,1.2206401825,2.90323352814,279.309383
465,1403715981.13,164,82,0,39076,38911,0.99577745931,1.19773020198,11.3984664852,1.5176092234,1.13503967302,1.23915457726,2.95105028152,225.516101
466,1403715981.53,173,54,0,34175,34048,0.996283833211,1.0749992195,1.93119198917,1.51755027054,1.12693154385,1.24536299706,2.94179677963,98.136592
467,1403715981.78,193,56,0,38355,38209,0.996193455873,1.10363862244,7.92818762736,1.49721566988,1.11592438321,1.22568309307,2.91444158554,105.792921
468,1403715982.48,168,97,0,52611,52455,0.997034840623,0.983598683662,3.72867500762,1.4572668236,1.09209447021,1.18529522419,2.82589554787,214.410846
469,1403715982.93,131,107,0,52357,52149,0.99602727429,1.02717212237,5.14790579149,1.45318167617,1.09053568145,1.18059980869,2.81671738625,398.421097
470,1403715983.53,128,119,0,59999,59843,0.997399956666,0.970446388865,5.84056210633,1.41199648095,1.07201674959,1.13803911209,2.75615668297,255.59952
471,1403715984.03,174,64,0,46114,46062,0.998872359804,0.957113103608,2.84202456437,1.4288139526,1.08469363851,1.14864301682,2.78664708138,104.340446
472,1403715984.33,194,37,0,36012,35969,0.998805953571,0.953705780981,1.33681373557,1.42944754064,1.07635511168,1.15729188919,2.77084565163,53.268522
473,1403715984.53,204,22,0,23563,23531,0.998641938633,0.994911264068,1.51123142881,1.4613162207,1.07225949484,1.20608973503,2.79812574387,26.351283
474,1403715984.68,155,10,0,14573,14543,0.997941398477,1.06480504889,3.62434870127,1.47353547949,1.06788297822,1.22111201286,2.80424785614,11.39676
475,1403715984.78,172,21,0,18380,18331,0.99733405876,1.08770783813,4.14399906703,1.43856656323,1.05388087274,1.18978440762,2.75787854195,30.810073
476,1403715984.93,198,33,0,24238,24181,0.997648320819,1.58104676045,73.85353677,1.50152094895,1.11238775733,1.22993040085,2.89573073387,37.827972
477,1403715985.08,182,44,0,25081,24992,0.996451497149,1.13269186988,3.40051147611,1.49128911052,1.10324865116,1.22813725471,2.87529325485,49.426182
478,1403715985.23,177,62,0,30812,30698,0.996300142802,1.13013919682,7.47231774005,1.47125624043,1.11381721208,1.2011783123,2.86450767517,81.021524
479,1403715985.43,180,70,0,32194,32103,0.997173386345,1.0688744131,1.75529833483,1.46595289419,1.11245061123,1.19201850891,2.8575258255,146.33125
480,1403715985.73,200,78,0,36188,36079,0.996987951807,1.0785067518,3.73138327595,1.45732231464,1.10380784238,1.17875361443,2.84363412857,162.251985
481,1403715986.08,200,78,0,36283,36188,0.997381693906,1.04004353668,1.48503363927,1.4585582929,1.10101734564,1.18370461464,2.844851017,120.5771
482,1403715986.38,200,79,0,36545,36453,0.997482555753,1.03986785219,1.44888911406,1.4604062146,1.10104884168,1.18290615082,2.85094857216,123.169742
483,1403715986.78,214,86,0,40694,40550,0.9964613948,1.07985583862,4.89481305436,1.45722211669,1.10243271053,1.17988324165,2.84215188026,166.997825
484,1403715987.13,198,85,0,38650,38536,0.997050452781,1.03487640472,1.41197822899,1.44992260043,1.09556638638,1.17404282093,2.82815337181,107.916564
485,1403715987.43,200,81,0,37507,37355,0.995947423148,1.08025779268,3.05448274128,1.4500531829,1.09981341094,1.16931080818,2.82871031761,164.260862
486,1403715987.78,216,85,0,40698,40547,0.996289743968,1.04466609813,1.83016280644,1.44717246302,1.09781243888,1.16945183277,2.81583356857,137.754528
487,1403715988.13,212,74,0,38260,38144,0.996968112912,1.02795774532,1.50937832039,1.44284641867,1.09752971374,1.16269564629,2.81559157372,110.269342
488,1403715988.43,205,81,0,39358,39248,0.997205142538,1.06262334006,5.31398896781,1.44176757624,1.10056865443,1.16076719761,2.81907773018,127.634534
489,1403715988.73,207,80,0,39289,39186,0.997378401079,1.02801809095,2.09078880733,1.44281063468,1.10347454729,1.16020786762,2.82416152954,107.270802
490,1403715989.03,216,70,0,37036,36926,0.997029916838,1.02478482836,1.49643442037,1.443194532,1.0991210918,1.16326451302,2.82226610184,100.403162
491,1403715989.33,218,69,0,36969,36883,0.997673726636,1.00668418032,1.36526013514,1.44037739836,1.09797867036,1.15941846371,2.82052087784,80.728936
492,1403715989.58,217,70,0,37035,36933,0.997245848522,1.01117263856,1.33307184098,1.44547043912,1.10235344483,1.1642768383,2.82298207283,124.254149
493,1403715989.88,213,74,0,37882,37778,0.997254632807,1.00791563052,1.29338523768,1.44586613664,1.10315708318,1.16349744797,2.818816185,114.66724
494,1403715990.18,208,73,0,36462,36376,0.997641380067,0.991981942897,1.27907920324,1.42931367221,1.09242952373,1.14888346195,2.80065393448,111.694304
495,1403715990.48,214,65,0,33516,33448,0.997971118272,0.980954230585,1.26513084631,1.43156726003,1.09211561661,1.15220606327,2.80610752106,89.623926
496,1403715990.73,161,51,0,26950,26895,0.997959183673,1.01761497993,6.63934084719,1.40940940984,1.0813684312,1.12996065617,2.77460813522,50.913776
497,1403715990.93,168,27,0,20667,20632,0.998306478928,0.959536725165,1.34899535127,1.40849183937,1.09174397269,1.1280413866,2.76788330078,30.001645
498,1403715991.08,138,27,0,17699,17665,0.998078987513,0.945504493252,1.40825553979,1.35396184513,1.05488634973,1.08002841473,2.64687085152,25.984091
499,1403715991.23,161,25,0,17491,17455,0.997941798639,1.03137788148,8.21824376713,1.35750033428,1.06699167091,1.08046579361,2.66318464279,21.391308
500,1403715991.38,173,25,0,19304,19260,0.997720679652,0.968810520257,1.52146816784,1.40980461111,1.09808473413,1.12253606319,2.78734397888,22.029255
501,1403715991.53,173,26,0,18294,18253,0.997758828031,1.65674082255,96.6275918938,1.39866581406,1.08949485902,1.11575388908,2.75364089012,20.215973
502,1403715991.68,178,27,0,19643,19598,0.99770910757,0.932052700064,1.26211121757,1.39782304745,1.08849154352,1.11081385612,2.75689172745,21.210804
503,1403715991.88,178,29,0,20232,20199,0.998368920522,0.928278622156,1.20443911256,1.40440566419,1.09265717553,1.11674559116,2.77657794952,24.132357
504,1403715992.43,161,24,0,17160,17131,0.99831002331,0.914107442789,1.44906523341,1.36546641346,1.07661759918,1.08322489262,2.69163322449,17.946567
505,1403715993.13,164,26,0,16111,16062,0.996958599714,0.933342350325,1.37446204841,1.34824874936,1.05158140415,1.07695627213,2.64085817337,26.176321
506,1403715993.28,164,27,0,16123,16095,0.998263350493,0.912338977708,1.23833834624,1.34613035561,1.04945444321,1.07730019093,2.63167881966,22.942252
507,1403715993.73,174,35,0,22662,22634,0.998764451505,0.946773110456,1.20541603154,1.41447950117,1.09081039939,1.12961614132,2.79049563408,29.435164
